dt,AverageTemperature,AverageTemperatureUncertainty,City,Country
1835-01-01,13.086,1.942,Mexico,Mexico
1835-02-01,12.322,2.02,Mexico,Mexico
1835-03-01,13.874,2.271,Mexico,Mexico
1835-04-01,16.312,2.247,Mexico,Mexico
1835-05-01,16.851,1.893,Mexico,Mexico
1835-06-01,16.544,2.086,Mexico,Mexico
1835-07-01,15.403,1.994,Mexico,Mexico
1835-08-01,15.178999999999998,1.435,Mexico,Mexico
1835-09-01,14.164,2.089,Mexico,Mexico
1835-10-01,13.380999999999998,1.4780000000000002,Mexico,Mexico
1835-11-01,11.683,1.968,Mexico,Mexico
1835-12-01,10.378,1.921,Mexico,Mexico
1836-01-01,12.255,1.6469999999999998,Mexico,Mexico
1836-02-01,13.045,2.031,Mexico,Mexico
1836-03-01,15.43,1.734,Mexico,Mexico
1836-04-01,17.022000000000002,1.665,Mexico,Mexico
1836-05-01,16.936,1.715,Mexico,Mexico
1836-06-01,17.096,1.55,Mexico,Mexico
1836-07-01,16.816000000000006,1.7380000000000002,Mexico,Mexico
1836-08-01,16.195999999999998,1.568,Mexico,Mexico
1836-09-01,15.742,2.077,Mexico,Mexico
1836-10-01,14.114,3.393,Mexico,Mexico
1836-11-01,11.543,1.975,Mexico,Mexico
1836-12-01,11.441,2.062,Mexico,Mexico
1837-01-01,12.169,2.026,Mexico,Mexico
1837-02-01,12.959,1.837,Mexico,Mexico
1837-03-01,14.399,1.861,Mexico,Mexico
1837-04-01,15.541,1.77,Mexico,Mexico
1837-05-01,16.921,1.6980000000000002,Mexico,Mexico
1837-06-01,17.335,1.891,Mexico,Mexico
1837-07-01,17.159000000000002,1.523,Mexico,Mexico
1837-08-01,16.858,1.356,Mexico,Mexico
1837-09-01,15.768,1.335,Mexico,Mexico
1837-10-01,13.831,2.085,Mexico,Mexico
1837-11-01,12.955,2.048,Mexico,Mexico
1837-12-01,11.976,2.929,Mexico,Mexico
1838-01-01,9.896,2.569,Mexico,Mexico
1838-02-01,11.196,1.864,Mexico,Mexico
1838-03-01,14.457,1.845,Mexico,Mexico
1838-04-01,16.956,1.74,Mexico,Mexico
1838-05-01,16.381999999999998,1.497,Mexico,Mexico
1838-06-01,17.574,1.641,Mexico,Mexico
1838-07-01,16.868000000000002,2.523,Mexico,Mexico
1838-08-01,16.338,2.2880000000000003,Mexico,Mexico
1838-09-01,15.211,1.515,Mexico,Mexico
1838-10-01,14.364,2.835,Mexico,Mexico
1838-11-01,12.8,2.454,Mexico,Mexico
1838-12-01,11.722,2.289,Mexico,Mexico
1839-01-01,12.31,1.824,Mexico,Mexico
1839-02-01,13.196,1.956,Mexico,Mexico
1839-03-01,13.49,1.7380000000000002,Mexico,Mexico
1839-04-01,17.916999999999994,1.962,Mexico,Mexico
1839-05-01,17.569000000000003,1.506,Mexico,Mexico
1839-06-01,17.922,1.482,Mexico,Mexico
1839-07-01,17.430999999999997,2.421,Mexico,Mexico
1839-08-01,17.082,1.901,Mexico,Mexico
1839-09-01,16.008,1.53,Mexico,Mexico
1839-10-01,14.393,1.946,Mexico,Mexico
1839-11-01,11.699000000000002,1.839,Mexico,Mexico
1839-12-01,9.871,1.735,Mexico,Mexico
1840-01-01,13.042,1.659,Mexico,Mexico
1840-02-01,13.175999999999998,2.531,Mexico,Mexico
1840-03-01,15.036,2.114,Mexico,Mexico
1840-04-01,17.283,2.126,Mexico,Mexico
1840-05-01,17.325,1.6369999999999998,Mexico,Mexico
1840-06-01,17.777,1.473,Mexico,Mexico
1840-07-01,17.643,1.426,Mexico,Mexico
1840-08-01,16.498,1.414,Mexico,Mexico
1840-09-01,15.722,1.4369999999999998,Mexico,Mexico
1840-10-01,13.712,1.838,Mexico,Mexico
1840-11-01,11.997,2.567,Mexico,Mexico
1840-12-01,11.566,1.787,Mexico,Mexico
1841-01-01,10.925,2.172,Mexico,Mexico
1841-02-01,13.255999999999998,1.95,Mexico,Mexico
1841-03-01,14.234000000000002,2.76,Mexico,Mexico
1841-04-01,16.823999999999998,1.7380000000000002,Mexico,Mexico
1841-05-01,17.843999999999994,1.484,Mexico,Mexico
1841-06-01,17.425,1.496,Mexico,Mexico
1841-07-01,17.855999999999998,1.535,Mexico,Mexico
1841-08-01,16.906,1.453,Mexico,Mexico
1841-09-01,15.697,1.473,Mexico,Mexico
1841-10-01,14.698,1.6669999999999998,Mexico,Mexico
1841-11-01,12.984000000000002,1.704,Mexico,Mexico
1841-12-01,12.37,2.006,Mexico,Mexico
1842-01-01,12.328,1.937,Mexico,Mexico
1842-02-01,13.36,1.899,Mexico,Mexico
1842-03-01,17.163,2.2030000000000003,Mexico,Mexico
1842-04-01,17.575,2.027,Mexico,Mexico
1842-05-01,18.065,1.664,Mexico,Mexico
1842-06-01,17.384,1.464,Mexico,Mexico
1842-07-01,16.467000000000002,1.419,Mexico,Mexico
1842-08-01,16.457,1.382,Mexico,Mexico
1842-09-01,15.573,1.354,Mexico,Mexico
1842-10-01,14.278,1.5590000000000002,Mexico,Mexico
1842-11-01,12.951,1.863,Mexico,Mexico
1842-12-01,12.757,1.6909999999999998,Mexico,Mexico
1843-01-01,13.119000000000002,2.022,Mexico,Mexico
1843-02-01,14.252,1.742,Mexico,Mexico
1843-03-01,15.206,2.292,Mexico,Mexico
1843-04-01,17.971,1.917,Mexico,Mexico
1843-05-01,17.747,1.535,Mexico,Mexico
1843-06-01,17.14,1.612,Mexico,Mexico
1843-07-01,16.629,1.359,Mexico,Mexico
1843-08-01,16.297,1.587,Mexico,Mexico
1843-09-01,15.982,1.271,Mexico,Mexico
1843-10-01,14.208,1.702,Mexico,Mexico
1843-11-01,14.29,1.703,Mexico,Mexico
1843-12-01,13.145,2.208,Mexico,Mexico
1844-01-01,12.784999999999998,1.771,Mexico,Mexico
1844-02-01,13.743,1.815,Mexico,Mexico
1844-03-01,14.912,2.1790000000000003,Mexico,Mexico
1844-04-01,16.879,1.617,Mexico,Mexico
1844-05-01,17.576,1.455,Mexico,Mexico
1844-06-01,17.099,1.4580000000000002,Mexico,Mexico
1844-07-01,16.947000000000006,1.354,Mexico,Mexico
1844-08-01,16.284000000000002,1.947,Mexico,Mexico
1844-09-01,15.388,1.317,Mexico,Mexico
1844-10-01,14.77,1.42,Mexico,Mexico
1844-11-01,12.887,1.659,Mexico,Mexico
1844-12-01,10.533,1.882,Mexico,Mexico
1845-01-01,12.654000000000002,1.992,Mexico,Mexico
1845-02-01,12.601,2.665,Mexico,Mexico
1845-03-01,14.811,1.826,Mexico,Mexico
1845-04-01,17.171,1.6880000000000002,Mexico,Mexico
1845-05-01,17.473,1.642,Mexico,Mexico
1845-06-01,17.357,1.6269999999999998,Mexico,Mexico
1845-07-01,16.891000000000002,1.341,Mexico,Mexico
1845-08-01,16.631999999999998,1.198,Mexico,Mexico
1845-09-01,15.649,1.352,Mexico,Mexico
1845-10-01,13.648,1.565,Mexico,Mexico
1845-11-01,12.759,1.6780000000000002,Mexico,Mexico
1845-12-01,10.252,2.001,Mexico,Mexico
1846-01-01,12.898,1.852,Mexico,Mexico
1846-02-01,13.36,1.7919999999999998,Mexico,Mexico
1846-03-01,16.665,1.801,Mexico,Mexico
1846-04-01,16.256,1.787,Mexico,Mexico
1846-05-01,17.866999999999994,1.952,Mexico,Mexico
1846-06-01,18.404,1.546,Mexico,Mexico
1846-07-01,17.708000000000006,1.617,Mexico,Mexico
1846-08-01,16.623,1.365,Mexico,Mexico
1846-09-01,16.351,1.652,Mexico,Mexico
1846-10-01,14.327,1.433,Mexico,Mexico
1846-11-01,13.611,1.872,Mexico,Mexico
1846-12-01,13.592,1.594,Mexico,Mexico
1847-01-01,12.164,3.931,Mexico,Mexico
1847-02-01,13.707,1.724,Mexico,Mexico
1847-03-01,14.213,2.252,Mexico,Mexico
1847-04-01,17.441,1.686,Mexico,Mexico
1847-05-01,17.483999999999998,1.57,Mexico,Mexico
1847-06-01,17.756,1.723,Mexico,Mexico
1847-07-01,17.188000000000002,1.423,Mexico,Mexico
1847-08-01,16.844,1.348,Mexico,Mexico
1847-09-01,16.105999999999998,1.3230000000000002,Mexico,Mexico
1847-10-01,14.816,1.489,Mexico,Mexico
1847-11-01,13.553,1.6840000000000002,Mexico,Mexico
1847-12-01,10.94,2.096,Mexico,Mexico
1848-01-01,11.214,1.904,Mexico,Mexico
1848-02-01,14.458,1.757,Mexico,Mexico
1848-03-01,15.345,1.723,Mexico,Mexico
1848-04-01,16.932000000000002,1.669,Mexico,Mexico
1848-05-01,17.619999999999994,1.716,Mexico,Mexico
1848-06-01,17.022000000000002,1.679,Mexico,Mexico
1848-07-01,17.587,1.788,Mexico,Mexico
1848-08-01,16.8,1.5419999999999998,Mexico,Mexico
1848-09-01,15.572,1.433,Mexico,Mexico
1848-10-01,15.088,1.537,Mexico,Mexico
1848-11-01,12.469,1.55,Mexico,Mexico
1848-12-01,12.07,1.853,Mexico,Mexico
1849-01-01,13.486999999999998,2.2880000000000003,Mexico,Mexico
1849-02-01,13.445,1.806,Mexico,Mexico
1849-03-01,16.82,2.047,Mexico,Mexico
1849-04-01,16.816,1.604,Mexico,Mexico
1849-05-01,17.587999999999994,1.475,Mexico,Mexico
1849-06-01,17.948,1.476,Mexico,Mexico
1849-07-01,17.488,1.229,Mexico,Mexico
1849-08-01,17.57,1.42,Mexico,Mexico
1849-09-01,16.459,1.319,Mexico,Mexico
1849-10-01,14.419,1.744,Mexico,Mexico
1849-11-01,14.368,1.974,Mexico,Mexico
1849-12-01,12.352,1.267,Mexico,Mexico
1850-01-01,14.194,3.353,Mexico,Mexico
1850-02-01,14.73,2.09,Mexico,Mexico
1850-03-01,16.266000000000002,2.483,Mexico,Mexico
1850-04-01,17.124000000000002,1.838,Mexico,Mexico
1850-05-01,16.326,1.829,Mexico,Mexico
1850-06-01,17.45,1.269,Mexico,Mexico
1850-07-01,17.709,1.219,Mexico,Mexico
1850-08-01,17.754,1.052,Mexico,Mexico
1850-09-01,16.759999999999998,1.106,Mexico,Mexico
1850-10-01,15.061,1.745,Mexico,Mexico
1850-11-01,13.133,1.887,Mexico,Mexico
1850-12-01,10.59,1.5830000000000002,Mexico,Mexico
1851-01-01,12.557,1.974,Mexico,Mexico
1851-02-01,13.044,1.561,Mexico,Mexico
1851-03-01,15.223,2.079,Mexico,Mexico
1851-04-01,17.147000000000002,2.005,Mexico,Mexico
1851-05-01,18.659,1.4680000000000002,Mexico,Mexico
1851-06-01,18.208,1.301,Mexico,Mexico
1851-07-01,16.816000000000006,1.906,Mexico,Mexico
1851-08-01,17.419999999999998,1.55,Mexico,Mexico
1851-09-01,15.907,1.394,Mexico,Mexico
1851-10-01,15.092,2.375,Mexico,Mexico
1851-11-01,12.283,1.654,Mexico,Mexico
1851-12-01,12.041,2.969,Mexico,Mexico
1852-01-01,10.028,2.309,Mexico,Mexico
1852-02-01,15.128,3.175,Mexico,Mexico
1852-03-01,15.705,2.709,Mexico,Mexico
1852-04-01,17.479,2.963,Mexico,Mexico
1852-05-01,18.749,2.253,Mexico,Mexico
1852-06-01,17.533,1.291,Mexico,Mexico
1852-07-01,17.07,1.5530000000000002,Mexico,Mexico
1852-08-01,17.319000000000003,2.9130000000000003,Mexico,Mexico
1852-09-01,16.192,1.289,Mexico,Mexico
1852-10-01,14.654000000000002,2.1,Mexico,Mexico
1852-11-01,13.466,3.486,Mexico,Mexico
1852-12-01,13.378,1.624,Mexico,Mexico
1853-01-01,10.831,1.672,Mexico,Mexico
1853-02-01,11.917,1.523,Mexico,Mexico
1853-03-01,14.185,1.951,Mexico,Mexico
1853-04-01,16.942,1.37,Mexico,Mexico
1853-05-01,18.244,1.528,Mexico,Mexico
1853-06-01,17.054000000000002,1.547,Mexico,Mexico
1853-07-01,17.715999999999998,0.976,Mexico,Mexico
1853-08-01,16.559,1.27,Mexico,Mexico
1853-09-01,15.885,1.4469999999999998,Mexico,Mexico
1853-10-01,14.338,1.351,Mexico,Mexico
1853-11-01,13.706,1.924,Mexico,Mexico
1853-12-01,12.012,1.546,Mexico,Mexico
1854-01-01,11.126,2.234,Mexico,Mexico
1854-02-01,12.338,1.551,Mexico,Mexico
1854-03-01,16.463,1.505,Mexico,Mexico
1854-04-01,16.49,1.268,Mexico,Mexico
1854-05-01,18.136,1.239,Mexico,Mexico
1854-06-01,17.345000000000002,1.5119999999999998,Mexico,Mexico
1854-07-01,16.086000000000002,1.936,Mexico,Mexico
1854-08-01,16.156,1.463,Mexico,Mexico
1854-09-01,15.798,1.332,Mexico,Mexico
1854-10-01,15.476,1.661,Mexico,Mexico
1854-11-01,12.979,1.35,Mexico,Mexico
1854-12-01,10.437,2.4130000000000003,Mexico,Mexico
1855-01-01,12.531,2.768,Mexico,Mexico
1855-02-01,12.035,2.359,Mexico,Mexico
1855-03-01,13.987,2.504,Mexico,Mexico
1855-04-01,17.214000000000002,2.063,Mexico,Mexico
1855-05-01,19.245,1.897,Mexico,Mexico
1855-06-01,17.494,1.827,Mexico,Mexico
1855-07-01,15.815,1.87,Mexico,Mexico
1855-08-01,15.887,1.4780000000000002,Mexico,Mexico
1855-09-01,15.214,1.787,Mexico,Mexico
1855-10-01,13.476,1.6130000000000002,Mexico,Mexico
1855-11-01,13.348,1.4280000000000002,Mexico,Mexico
1855-12-01,11.755,2.177,Mexico,Mexico
1856-01-01,9.127,2.842,Mexico,Mexico
1856-02-01,12.01,1.737,Mexico,Mexico
1856-03-01,14.575,2.13,Mexico,Mexico
1856-04-01,17.483999999999998,1.655,Mexico,Mexico
1856-05-01,17.796999999999993,1.845,Mexico,Mexico
1856-06-01,18.596,2.051,Mexico,Mexico
1856-07-01,17.004,1.368,Mexico,Mexico
1856-08-01,18.017,1.47,Mexico,Mexico
1856-09-01,15.252,1.764,Mexico,Mexico
1856-10-01,13.69,1.75,Mexico,Mexico
1856-11-01,11.817,2.469,Mexico,Mexico
1856-12-01,11.324000000000002,2.003,Mexico,Mexico
1857-01-01,11.168,2.017,Mexico,Mexico
1857-02-01,14.531,1.783,Mexico,Mexico
1857-03-01,14.271,2.09,Mexico,Mexico
1857-04-01,14.88,2.655,Mexico,Mexico
1857-05-01,17.194000000000003,2.116,Mexico,Mexico
1857-06-01,18.07,1.651,Mexico,Mexico
1857-07-01,17.351000000000006,1.361,Mexico,Mexico
1857-08-01,17.512,1.072,Mexico,Mexico
1857-09-01,15.828,0.953,Mexico,Mexico
1857-10-01,14.681,1.521,Mexico,Mexico
1857-11-01,13.578,1.125,Mexico,Mexico
1857-12-01,11.865,1.192,Mexico,Mexico
1858-01-01,12.994000000000002,2.15,Mexico,Mexico
1858-02-01,12.249,1.599,Mexico,Mexico
1858-03-01,15.263,1.741,Mexico,Mexico
1858-04-01,17.837,1.529,Mexico,Mexico
1858-05-01,19.244,2.68,Mexico,Mexico
1858-06-01,17.924,2.081,Mexico,Mexico
1858-07-01,17.358,2.4,Mexico,Mexico
1858-08-01,16.915,1.253,Mexico,Mexico
1858-09-01,16.266,1.493,Mexico,Mexico
1858-10-01,16.483999999999998,1.764,Mexico,Mexico
1858-11-01,11.937,1.585,Mexico,Mexico
1858-12-01,11.604,1.399,Mexico,Mexico
1859-01-01,11.795,1.594,Mexico,Mexico
1859-02-01,14.966,1.362,Mexico,Mexico
1859-03-01,16.472,2.273,Mexico,Mexico
1859-04-01,17.835,1.693,Mexico,Mexico
1859-05-01,19.437,1.416,Mexico,Mexico
1859-06-01,18.495,1.156,Mexico,Mexico
1859-07-01,17.155,1.321,Mexico,Mexico
1859-08-01,17.634,0.87,Mexico,Mexico
1859-09-01,16.035999999999998,0.9,Mexico,Mexico
1859-10-01,14.689,1.15,Mexico,Mexico
1859-11-01,13.75,2.02,Mexico,Mexico
1859-12-01,10.273,1.487,Mexico,Mexico
1860-01-01,11.459,1.349,Mexico,Mexico
1860-02-01,12.317,1.3219999999999998,Mexico,Mexico
1860-03-01,14.03,1.94,Mexico,Mexico
1860-04-01,17.326,1.53,Mexico,Mexico
1860-05-01,18.19,2.551,Mexico,Mexico
1860-06-01,19.109,0.959,Mexico,Mexico
1860-07-01,17.642,1.132,Mexico,Mexico
1860-08-01,16.761,0.95,Mexico,Mexico
1860-09-01,16.136,0.93,Mexico,Mexico
1860-10-01,14.712,0.994,Mexico,Mexico
1860-11-01,13.343,1.963,Mexico,Mexico
1860-12-01,11.296,1.649,Mexico,Mexico
1861-01-01,11.262,1.988,Mexico,Mexico
1861-02-01,12.099,1.659,Mexico,Mexico
1861-03-01,15.039,1.477,Mexico,Mexico
1861-04-01,17.149,1.6740000000000002,Mexico,Mexico
1861-05-01,18.138,1.872,Mexico,Mexico
1861-06-01,18.843,1.371,Mexico,Mexico
1861-07-01,17.906000000000006,1.255,Mexico,Mexico
1861-08-01,17.098,1.477,Mexico,Mexico
1861-09-01,16.55,1.735,Mexico,Mexico
1861-10-01,14.682,1.575,Mexico,Mexico
1861-11-01,15.044,1.838,Mexico,Mexico
1861-12-01,13.17,1.944,Mexico,Mexico
1862-01-01,13.044,2.003,Mexico,Mexico
1862-02-01,12.984000000000002,2.04,Mexico,Mexico
1862-03-01,15.227,1.6880000000000002,Mexico,Mexico
1862-04-01,17.616,1.568,Mexico,Mexico
1862-05-01,18.482,1.624,Mexico,Mexico
1862-06-01,18.279,1.405,Mexico,Mexico
1862-07-01,17.810000000000006,1.233,Mexico,Mexico
1862-08-01,17.485,1.259,Mexico,Mexico
1862-09-01,16.361,1.368,Mexico,Mexico
1862-10-01,14.327,1.83,Mexico,Mexico
1862-11-01,13.149,1.5,Mexico,Mexico
1862-12-01,11.114,1.714,Mexico,Mexico
1863-01-01,11.89,2.113,Mexico,Mexico
1863-02-01,13.808,2.404,Mexico,Mexico
1863-03-01,16.567,1.348,Mexico,Mexico
1863-04-01,17.660999999999998,1.5630000000000002,Mexico,Mexico
1863-05-01,17.622999999999994,2.049,Mexico,Mexico
1863-06-01,18.16,1.254,Mexico,Mexico
1863-07-01,17.274,1.117,Mexico,Mexico
1863-08-01,17.029,1.235,Mexico,Mexico
1863-09-01,16.721,1.517,Mexico,Mexico
1863-10-01,14.712,1.21,Mexico,Mexico
1863-11-01,13.099,1.386,Mexico,Mexico
1863-12-01,10.981,1.376,Mexico,Mexico
1864-01-01,10.977,1.778,Mexico,Mexico
1864-02-01,12.942,1.715,Mexico,Mexico
1864-03-01,14.431,1.826,Mexico,Mexico
1864-04-01,16.727,1.5630000000000002,Mexico,Mexico
1864-05-01,17.564,1.5019999999999998,Mexico,Mexico
1864-06-01,18.362,1.761,Mexico,Mexico
1864-07-01,17.239,1.569,Mexico,Mexico
1864-08-01,16.805,1.33,Mexico,Mexico
1864-09-01,17.192,1.368,Mexico,Mexico
1864-10-01,14.287,1.415,Mexico,Mexico
1864-11-01,13.048,1.6269999999999998,Mexico,Mexico
1864-12-01,12.514,1.936,Mexico,Mexico
1865-01-01,12.178999999999998,1.717,Mexico,Mexico
1865-02-01,13.238,1.863,Mexico,Mexico
1865-03-01,15.02,1.579,Mexico,Mexico
1865-04-01,17.006,1.556,Mexico,Mexico
1865-05-01,18.211,1.489,Mexico,Mexico
1865-06-01,18.274,1.305,Mexico,Mexico
1865-07-01,17.409000000000002,1.28,Mexico,Mexico
1865-08-01,17.561,1.263,Mexico,Mexico
1865-09-01,16.267,1.33,Mexico,Mexico
1865-10-01,14.687,1.494,Mexico,Mexico
1865-11-01,13.526,1.67,Mexico,Mexico
1865-12-01,12.800999999999998,2.329,Mexico,Mexico
1866-01-01,12.957999999999998,1.803,Mexico,Mexico
1866-02-01,12.748,1.909,Mexico,Mexico
1866-03-01,16.035,1.41,Mexico,Mexico
1866-04-01,17.305999999999997,1.472,Mexico,Mexico
1866-05-01,18.144,1.48,Mexico,Mexico
1866-06-01,17.545,1.398,Mexico,Mexico
1866-07-01,17.238,1.222,Mexico,Mexico
1866-08-01,17.349999999999998,1.246,Mexico,Mexico
1866-09-01,16.863,1.064,Mexico,Mexico
1866-10-01,14.569,1.115,Mexico,Mexico
1866-11-01,13.154000000000002,1.245,Mexico,Mexico
1866-12-01,12.295,1.267,Mexico,Mexico
1867-01-01,12.706,1.612,Mexico,Mexico
1867-02-01,14.258,1.435,Mexico,Mexico
1867-03-01,16.584,1.933,Mexico,Mexico
1867-04-01,17.697,1.32,Mexico,Mexico
1867-05-01,18.482,1.43,Mexico,Mexico
1867-06-01,18.575,1.129,Mexico,Mexico
1867-07-01,17.422,1.251,Mexico,Mexico
1867-08-01,17.573999999999998,1.31,Mexico,Mexico
1867-09-01,17.393,1.071,Mexico,Mexico
1867-10-01,15.416,1.37,Mexico,Mexico
1867-11-01,13.668,1.744,Mexico,Mexico
1867-12-01,14.124,2.414,Mexico,Mexico
1868-01-01,12.546,1.429,Mexico,Mexico
1868-02-01,12.843,1.803,Mexico,Mexico
1868-03-01,16.094,1.4280000000000002,Mexico,Mexico
1868-04-01,17.299,1.358,Mexico,Mexico
1868-05-01,17.958,1.2919999999999998,Mexico,Mexico
1868-06-01,18.433,1.141,Mexico,Mexico
1868-07-01,16.86,1.074,Mexico,Mexico
1868-08-01,17.041,1.207,Mexico,Mexico
1868-09-01,16.602,1.185,Mexico,Mexico
1868-10-01,15.237,1.371,Mexico,Mexico
1868-11-01,12.104,1.3259999999999998,Mexico,Mexico
1868-12-01,11.184,1.455,Mexico,Mexico
1869-01-01,12.453,2.074,Mexico,Mexico
1869-02-01,14.49,2.026,Mexico,Mexico
1869-03-01,16.201,1.346,Mexico,Mexico
1869-04-01,17.94,1.775,Mexico,Mexico
1869-05-01,18.347,1.283,Mexico,Mexico
1869-06-01,17.784000000000002,1.599,Mexico,Mexico
1869-07-01,17.504,1.3869999999999998,Mexico,Mexico
1869-08-01,17.044,1.404,Mexico,Mexico
1869-09-01,16.947,1.4169999999999998,Mexico,Mexico
1869-10-01,14.611,1.716,Mexico,Mexico
1869-11-01,14.664,2.549,Mexico,Mexico
1869-12-01,10.838,1.681,Mexico,Mexico
1870-01-01,12.485,2.248,Mexico,Mexico
1870-02-01,13.128,1.985,Mexico,Mexico
1870-03-01,16.089000000000002,1.6980000000000002,Mexico,Mexico
1870-04-01,17.137,1.528,Mexico,Mexico
1870-05-01,18.617,1.653,Mexico,Mexico
1870-06-01,18.33,1.516,Mexico,Mexico
1870-07-01,17.462,1.218,Mexico,Mexico
1870-08-01,17.226,1.203,Mexico,Mexico
1870-09-01,17.782,2.1830000000000003,Mexico,Mexico
1870-10-01,15.269,1.449,Mexico,Mexico
1870-11-01,13.217,1.635,Mexico,Mexico
1870-12-01,9.933,1.985,Mexico,Mexico
1871-01-01,11.338,1.773,Mexico,Mexico
1871-02-01,13.807,2.863,Mexico,Mexico
1871-03-01,15.902,2.063,Mexico,Mexico
1871-04-01,17.779,1.801,Mexico,Mexico
1871-05-01,17.881999999999994,1.6780000000000002,Mexico,Mexico
1871-06-01,17.617,1.277,Mexico,Mexico
1871-07-01,17.153000000000002,1.384,Mexico,Mexico
1871-08-01,18.063,0.95,Mexico,Mexico
1871-09-01,16.942999999999998,1.55,Mexico,Mexico
1871-10-01,14.755999999999998,1.185,Mexico,Mexico
1871-11-01,13.701,1.605,Mexico,Mexico
1871-12-01,11.991,1.926,Mexico,Mexico
1872-01-01,10.557,2.132,Mexico,Mexico
1872-02-01,13.349,1.53,Mexico,Mexico
1872-03-01,15.523,1.461,Mexico,Mexico
1872-04-01,18.002,1.604,Mexico,Mexico
1872-05-01,19.347,1.474,Mexico,Mexico
1872-06-01,18.29,1.539,Mexico,Mexico
1872-07-01,17.844,1.252,Mexico,Mexico
1872-08-01,17.296,1.3330000000000002,Mexico,Mexico
1872-09-01,17.48,1.178,Mexico,Mexico
1872-10-01,15.022,1.122,Mexico,Mexico
1872-11-01,11.921,1.585,Mexico,Mexico
1872-12-01,11.064,1.581,Mexico,Mexico
1873-01-01,10.539,1.587,Mexico,Mexico
1873-02-01,15.152,1.857,Mexico,Mexico
1873-03-01,15.882,1.5119999999999998,Mexico,Mexico
1873-04-01,16.432000000000002,1.842,Mexico,Mexico
1873-05-01,18.923,1.188,Mexico,Mexico
1873-06-01,17.675,1.422,Mexico,Mexico
1873-07-01,17.000999999999998,1.05,Mexico,Mexico
1873-08-01,16.836,1.111,Mexico,Mexico
1873-09-01,16.245,1.208,Mexico,Mexico
1873-10-01,14.895,1.3230000000000002,Mexico,Mexico
1873-11-01,12.1,1.19,Mexico,Mexico
1873-12-01,13.291,1.17,Mexico,Mexico
1874-01-01,12.063,1.652,Mexico,Mexico
1874-02-01,14.519,1.721,Mexico,Mexico
1874-03-01,16.682000000000002,1.626,Mexico,Mexico
1874-04-01,15.895,1.4280000000000002,Mexico,Mexico
1874-05-01,17.435,1.524,Mexico,Mexico
1874-06-01,17.297,1.683,Mexico,Mexico
1874-07-01,16.464000000000002,1.214,Mexico,Mexico
1874-08-01,17.836,0.953,Mexico,Mexico
1874-09-01,16.173,1.018,Mexico,Mexico
1874-10-01,14.742,1.801,Mexico,Mexico
1874-11-01,14.163,1.465,Mexico,Mexico
1874-12-01,12.948,1.375,Mexico,Mexico
1875-01-01,10.582999999999998,1.6769999999999998,Mexico,Mexico
1875-02-01,13.057,1.531,Mexico,Mexico
1875-03-01,16.008,1.544,Mexico,Mexico
1875-04-01,16.421,1.4340000000000002,Mexico,Mexico
1875-05-01,18.284,1.153,Mexico,Mexico
1875-06-01,18.027,1.347,Mexico,Mexico
1875-07-01,17.27,1.164,Mexico,Mexico
1875-08-01,17.154,0.947,Mexico,Mexico
1875-09-01,15.512,0.963,Mexico,Mexico
1875-10-01,14.493,1.108,Mexico,Mexico
1875-11-01,14.021,1.301,Mexico,Mexico
1875-12-01,12.837,1.395,Mexico,Mexico
1876-01-01,13.684,1.298,Mexico,Mexico
1876-02-01,13.748,1.582,Mexico,Mexico
1876-03-01,15.334,1.894,Mexico,Mexico
1876-04-01,17.155,1.499,Mexico,Mexico
1876-05-01,17.884,1.408,Mexico,Mexico
1876-06-01,17.815,1.144,Mexico,Mexico
1876-07-01,17.212,1.027,Mexico,Mexico
1876-08-01,17.392,0.966,Mexico,Mexico
1876-09-01,16.425,1.186,Mexico,Mexico
1876-10-01,14.834,1.205,Mexico,Mexico
1876-11-01,12.558,1.36,Mexico,Mexico
1876-12-01,9.655,1.426,Mexico,Mexico
1877-01-01,11.154000000000002,1.602,Mexico,Mexico
1877-02-01,12.63,1.76,Mexico,Mexico
1877-03-01,14.684,1.88,Mexico,Mexico
1877-04-01,16.884999999999998,1.63,Mexico,Mexico
1877-05-01,18.018,1.393,Mexico,Mexico
1877-06-01,17.848,1.867,Mexico,Mexico
1877-07-01,17.573,1.2009999999999998,Mexico,Mexico
1877-08-01,17.947,1.314,Mexico,Mexico
1877-09-01,17.229,1.058,Mexico,Mexico
1877-10-01,16.419,1.774,Mexico,Mexico
1877-11-01,13.299,1.389,Mexico,Mexico
1877-12-01,12.522,1.922,Mexico,Mexico
1878-01-01,12.052,1.073,Mexico,Mexico
1878-02-01,13.339,0.952,Mexico,Mexico
1878-03-01,15.669,0.887,Mexico,Mexico
1878-04-01,18.705,1.28,Mexico,Mexico
1878-05-01,19.619,0.8340000000000001,Mexico,Mexico
1878-06-01,19.309,1.193,Mexico,Mexico
1878-07-01,17.843,0.872,Mexico,Mexico
1878-08-01,17.165,0.578,Mexico,Mexico
1878-09-01,16.547,0.85,Mexico,Mexico
1878-10-01,15.488,0.477,Mexico,Mexico
1878-11-01,13.957,0.75,Mexico,Mexico
1878-12-01,11.595999999999998,1.186,Mexico,Mexico
1879-01-01,12.299,0.6,Mexico,Mexico
1879-02-01,12.738,0.71,Mexico,Mexico
1879-03-01,15.264,1.251,Mexico,Mexico
1879-04-01,17.351,0.721,Mexico,Mexico
1879-05-01,18.558,1.4780000000000002,Mexico,Mexico
1879-06-01,17.344,1.356,Mexico,Mexico
1879-07-01,17.488,1.107,Mexico,Mexico
1879-08-01,16.872,0.9,Mexico,Mexico
1879-09-01,15.998,0.601,Mexico,Mexico
1879-10-01,14.317,1.151,Mexico,Mexico
1879-11-01,13.292,0.564,Mexico,Mexico
1879-12-01,12.732,0.936,Mexico,Mexico
1880-01-01,11.847,1.444,Mexico,Mexico
1880-02-01,13.26,0.698,Mexico,Mexico
1880-03-01,16.114,1.239,Mexico,Mexico
1880-04-01,17.194000000000003,0.7170000000000001,Mexico,Mexico
1880-05-01,18.877,0.921,Mexico,Mexico
1880-06-01,17.828,0.6940000000000001,Mexico,Mexico
1880-07-01,17.178,0.541,Mexico,Mexico
1880-08-01,16.901,0.947,Mexico,Mexico
1880-09-01,16.137999999999998,0.775,Mexico,Mexico
1880-10-01,14.491,0.608,Mexico,Mexico
1880-11-01,13.887,1.86,Mexico,Mexico
1880-12-01,12.148,0.441,Mexico,Mexico
1881-01-01,10.741,0.789,Mexico,Mexico
1881-02-01,12.633,0.884,Mexico,Mexico
1881-03-01,15.429,0.976,Mexico,Mexico
1881-04-01,17.601,0.7759999999999999,Mexico,Mexico
1881-05-01,18.284,0.901,Mexico,Mexico
1881-06-01,18.366,1.232,Mexico,Mexico
1881-07-01,17.6,0.563,Mexico,Mexico
1881-08-01,17.401,0.807,Mexico,Mexico
1881-09-01,16.46,0.784,Mexico,Mexico
1881-10-01,15.599,0.392,Mexico,Mexico
1881-11-01,14.063,1.168,Mexico,Mexico
1881-12-01,12.034,1.481,Mexico,Mexico
1882-01-01,12.34,0.774,Mexico,Mexico
1882-02-01,13.869000000000002,0.856,Mexico,Mexico
1882-03-01,16.297,0.57,Mexico,Mexico
1882-04-01,17.956,0.4479999999999999,Mexico,Mexico
1882-05-01,17.733,0.7559999999999999,Mexico,Mexico
1882-06-01,17.669,0.8540000000000001,Mexico,Mexico
1882-07-01,17.152,0.57,Mexico,Mexico
1882-08-01,16.343,0.88,Mexico,Mexico
1882-09-01,16.089000000000002,0.513,Mexico,Mexico
1882-10-01,15.422,0.3879999999999999,Mexico,Mexico
1882-11-01,12.824000000000002,0.921,Mexico,Mexico
1882-12-01,11.145,0.698,Mexico,Mexico
1883-01-01,11.401,0.425,Mexico,Mexico
1883-02-01,12.799,0.7040000000000001,Mexico,Mexico
1883-03-01,14.719,0.8440000000000001,Mexico,Mexico
1883-04-01,17.383,0.594,Mexico,Mexico
1883-05-01,17.64,0.74,Mexico,Mexico
1883-06-01,17.487000000000002,0.5920000000000001,Mexico,Mexico
1883-07-01,16.703,0.912,Mexico,Mexico
1883-08-01,16.729,0.7859999999999999,Mexico,Mexico
1883-09-01,16.312,0.601,Mexico,Mexico
1883-10-01,15.553,0.6729999999999999,Mexico,Mexico
1883-11-01,13.536,0.539,Mexico,Mexico
1883-12-01,11.77,1.1840000000000002,Mexico,Mexico
1884-01-01,10.558,0.797,Mexico,Mexico
1884-02-01,12.630999999999998,1.149,Mexico,Mexico
1884-03-01,15.774,0.7979999999999999,Mexico,Mexico
1884-04-01,17.195,0.7609999999999999,Mexico,Mexico
1884-05-01,16.58,2.524,Mexico,Mexico
1884-06-01,18.091,0.618,Mexico,Mexico
1884-07-01,17.262,0.392,Mexico,Mexico
1884-08-01,16.469,0.644,Mexico,Mexico
1884-09-01,16.658,0.8759999999999999,Mexico,Mexico
1884-10-01,14.657,0.737,Mexico,Mexico
1884-11-01,12.875,0.562,Mexico,Mexico
1884-12-01,12.086,1.028,Mexico,Mexico
1885-01-01,11.691999999999998,0.6629999999999999,Mexico,Mexico
1885-02-01,13.043,0.774,Mexico,Mexico
1885-03-01,15.866,0.625,Mexico,Mexico
1885-04-01,16.451999999999998,1.797,Mexico,Mexico
1885-05-01,17.808,0.846,Mexico,Mexico
1885-06-01,18.213,0.575,Mexico,Mexico
1885-07-01,17.012,0.607,Mexico,Mexico
1885-08-01,16.934,0.72,Mexico,Mexico
1885-09-01,16.801,1.4509999999999998,Mexico,Mexico
1885-10-01,14.952,0.828,Mexico,Mexico
1885-11-01,13.298,0.784,Mexico,Mexico
1885-12-01,11.515999999999998,1.883,Mexico,Mexico
1886-01-01,11.079999999999998,0.772,Mexico,Mexico
1886-02-01,12.289,1.535,Mexico,Mexico
1886-03-01,16.485,0.66,Mexico,Mexico
1886-04-01,17.422,0.478,Mexico,Mexico
1886-05-01,18.59,1.24,Mexico,Mexico
1886-06-01,18.076,0.7340000000000001,Mexico,Mexico
1886-07-01,17.515,0.629,Mexico,Mexico
1886-08-01,17.413,0.384,Mexico,Mexico
1886-09-01,16.374000000000002,0.375,Mexico,Mexico
1886-10-01,14.897,0.716,Mexico,Mexico
1886-11-01,13.045,0.8370000000000001,Mexico,Mexico
1886-12-01,11.233,1.069,Mexico,Mexico
1887-01-01,11.107,2.027,Mexico,Mexico
1887-02-01,13.563,1.615,Mexico,Mexico
1887-03-01,14.654000000000002,2.0780000000000003,Mexico,Mexico
1887-04-01,16.384,1.401,Mexico,Mexico
1887-05-01,17.782,0.6,Mexico,Mexico
1887-06-01,17.217000000000002,0.579,Mexico,Mexico
1887-07-01,16.631,0.948,Mexico,Mexico
1887-08-01,17.088,0.623,Mexico,Mexico
1887-09-01,16.250999999999998,0.736,Mexico,Mexico
1887-10-01,13.964,0.628,Mexico,Mexico
1887-11-01,13.140999999999998,1.045,Mexico,Mexico
1887-12-01,11.632,3.28,Mexico,Mexico
1888-01-01,11.716,1.3030000000000002,Mexico,Mexico
1888-02-01,12.734000000000002,1.017,Mexico,Mexico
1888-03-01,15.086,1.016,Mexico,Mexico
1888-04-01,16.41,1.035,Mexico,Mexico
1888-05-01,17.759,0.446,Mexico,Mexico
1888-06-01,17.258,0.845,Mexico,Mexico
1888-07-01,17.149,0.485,Mexico,Mexico
1888-08-01,17.3,0.561,Mexico,Mexico
1888-09-01,15.694,0.511,Mexico,Mexico
1888-10-01,15.386,0.799,Mexico,Mexico
1888-11-01,13.702,1.204,Mexico,Mexico
1888-12-01,11.428,1.134,Mexico,Mexico
1889-01-01,12.277,1.255,Mexico,Mexico
1889-02-01,14.062,1.115,Mexico,Mexico
1889-03-01,14.364,0.738,Mexico,Mexico
1889-04-01,17.025,1.6269999999999998,Mexico,Mexico
1889-05-01,18.074,1.3090000000000002,Mexico,Mexico
1889-06-01,18.99,0.887,Mexico,Mexico
1889-07-01,17.644000000000005,0.722,Mexico,Mexico
1889-08-01,16.828,0.485,Mexico,Mexico
1889-09-01,16.373,1.183,Mexico,Mexico
1889-10-01,14.394,0.635,Mexico,Mexico
1889-11-01,13.347,1.178,Mexico,Mexico
1889-12-01,11.890999999999998,3.623,Mexico,Mexico
1890-01-01,12.961,0.701,Mexico,Mexico
1890-02-01,12.848,1.7919999999999998,Mexico,Mexico
1890-03-01,14.217,1.4240000000000002,Mexico,Mexico
1890-04-01,17.239,0.974,Mexico,Mexico
1890-05-01,18.056,1.7180000000000002,Mexico,Mexico
1890-06-01,16.921,0.477,Mexico,Mexico
1890-07-01,17.065,0.446,Mexico,Mexico
1890-08-01,16.685,0.445,Mexico,Mexico
1890-09-01,15.964,0.6829999999999999,Mexico,Mexico
1890-10-01,14.75,0.61,Mexico,Mexico
1890-11-01,12.374,0.5589999999999999,Mexico,Mexico
1890-12-01,10.843,1.356,Mexico,Mexico
1891-01-01,11.311,1.338,Mexico,Mexico
1891-02-01,13.630999999999998,1.251,Mexico,Mexico
1891-03-01,14.845999999999998,0.594,Mexico,Mexico
1891-04-01,16.028,0.6829999999999999,Mexico,Mexico
1891-05-01,17.404,0.9,Mexico,Mexico
1891-06-01,17.596,0.6459999999999999,Mexico,Mexico
1891-07-01,17.121000000000002,0.469,Mexico,Mexico
1891-08-01,16.98,0.8590000000000001,Mexico,Mexico
1891-09-01,16.402,1.063,Mexico,Mexico
1891-10-01,13.445,3.132,Mexico,Mexico
1891-11-01,13.484000000000002,0.657,Mexico,Mexico
1891-12-01,12.447,0.654,Mexico,Mexico
1892-01-01,11.159,1.581,Mexico,Mexico
1892-02-01,14.07,0.632,Mexico,Mexico
1892-03-01,14.589,1.172,Mexico,Mexico
1892-04-01,17.951999999999995,0.695,Mexico,Mexico
1892-05-01,18.925,1.587,Mexico,Mexico
1892-06-01,18.277,0.95,Mexico,Mexico
1892-07-01,17.465999999999998,0.8290000000000001,Mexico,Mexico
1892-08-01,17.02,1.817,Mexico,Mexico
1892-09-01,16.159000000000002,0.22,Mexico,Mexico
1892-10-01,14.754,0.8420000000000001,Mexico,Mexico
1892-11-01,12.691,1.311,Mexico,Mexico
1892-12-01,12.083,0.934,Mexico,Mexico
1893-01-01,10.969,0.929,Mexico,Mexico
1893-02-01,13.668,0.861,Mexico,Mexico
1893-03-01,14.816,0.6859999999999999,Mexico,Mexico
1893-04-01,18.11,0.451,Mexico,Mexico
1893-05-01,17.945,0.723,Mexico,Mexico
1893-06-01,17.392,0.738,Mexico,Mexico
1893-07-01,16.212,0.87,Mexico,Mexico
1893-08-01,17.08,0.952,Mexico,Mexico
1893-09-01,16.715,0.534,Mexico,Mexico
1893-10-01,14.488,0.8340000000000001,Mexico,Mexico
1893-11-01,13.647,1.7480000000000002,Mexico,Mexico
1893-12-01,11.204,2.095,Mexico,Mexico
1894-01-01,12.481,0.911,Mexico,Mexico
1894-02-01,13.512,2.295,Mexico,Mexico
1894-03-01,14.77,1.891,Mexico,Mexico
1894-04-01,17.422,1.086,Mexico,Mexico
1894-05-01,18.328,0.514,Mexico,Mexico
1894-06-01,18.078,0.585,Mexico,Mexico
1894-07-01,16.989,0.256,Mexico,Mexico
1894-08-01,17.131,1.026,Mexico,Mexico
1894-09-01,17.008,0.82,Mexico,Mexico
1894-10-01,14.994000000000002,2.249,Mexico,Mexico
1894-11-01,12.486,2.232,Mexico,Mexico
1894-12-01,11.724,3.235,Mexico,Mexico
1895-01-01,11.482,1.369,Mexico,Mexico
1895-02-01,12.448,3.873,Mexico,Mexico
1895-03-01,15.252,0.7290000000000001,Mexico,Mexico
1895-04-01,17.569000000000003,0.6779999999999999,Mexico,Mexico
1895-05-01,18.358,0.377,Mexico,Mexico
1895-06-01,17.973,0.84,Mexico,Mexico
1895-07-01,17.273,0.389,Mexico,Mexico
1895-08-01,17.474,0.4639999999999999,Mexico,Mexico
1895-09-01,16.94,0.769,Mexico,Mexico
1895-10-01,14.58,0.4589999999999999,Mexico,Mexico
1895-11-01,14.635,3.628,Mexico,Mexico
1895-12-01,12.065,1.023,Mexico,Mexico
1896-01-01,12.236999999999998,0.504,Mexico,Mexico
1896-02-01,12.640999999999998,0.8029999999999999,Mexico,Mexico
1896-03-01,15.788,0.529,Mexico,Mexico
1896-04-01,18.0,0.624,Mexico,Mexico
1896-05-01,19.552,0.434,Mexico,Mexico
1896-06-01,18.648,0.397,Mexico,Mexico
1896-07-01,17.820999999999998,1.02,Mexico,Mexico
1896-08-01,17.629,1.345,Mexico,Mexico
1896-09-01,17.111,0.8079999999999999,Mexico,Mexico
1896-10-01,16.108999999999998,1.758,Mexico,Mexico
1896-11-01,14.816,1.444,Mexico,Mexico
1896-12-01,11.24,0.948,Mexico,Mexico
1897-01-01,12.401,2.229,Mexico,Mexico
1897-02-01,14.666,1.342,Mexico,Mexico
1897-03-01,17.351,1.056,Mexico,Mexico
1897-04-01,17.904,0.75,Mexico,Mexico
1897-05-01,18.187,0.5539999999999999,Mexico,Mexico
1897-06-01,18.117,0.895,Mexico,Mexico
1897-07-01,17.36,0.42,Mexico,Mexico
1897-08-01,17.705,1.705,Mexico,Mexico
1897-09-01,15.908,1.022,Mexico,Mexico
1897-10-01,15.912,0.642,Mexico,Mexico
1897-11-01,14.465,0.8590000000000001,Mexico,Mexico
1897-12-01,12.619000000000002,2.724,Mexico,Mexico
1898-01-01,12.396999999999998,1.123,Mexico,Mexico
1898-02-01,12.679,1.984,Mexico,Mexico
1898-03-01,16.015,0.968,Mexico,Mexico
1898-04-01,16.554000000000002,0.823,Mexico,Mexico
1898-05-01,18.574,0.94,Mexico,Mexico
1898-06-01,17.354,0.767,Mexico,Mexico
1898-07-01,16.605,0.618,Mexico,Mexico
1898-08-01,16.793,0.51,Mexico,Mexico
1898-09-01,16.458,0.746,Mexico,Mexico
1898-10-01,14.355,1.247,Mexico,Mexico
1898-11-01,13.893,1.121,Mexico,Mexico
1898-12-01,11.768,2.082,Mexico,Mexico
1899-01-01,11.456,1.56,Mexico,Mexico
1899-02-01,12.300999999999998,2.103,Mexico,Mexico
1899-03-01,15.802,0.527,Mexico,Mexico
1899-04-01,16.750999999999998,0.54,Mexico,Mexico
1899-05-01,18.913,0.435,Mexico,Mexico
1899-06-01,16.741,0.633,Mexico,Mexico
1899-07-01,17.104,0.6409999999999999,Mexico,Mexico
1899-08-01,17.326,0.772,Mexico,Mexico
1899-09-01,16.141,0.764,Mexico,Mexico
1899-10-01,15.534,0.384,Mexico,Mexico
1899-11-01,13.542,0.432,Mexico,Mexico
1899-12-01,12.0,0.731,Mexico,Mexico
1900-01-01,12.312,0.579,Mexico,Mexico
1900-02-01,13.868,0.962,Mexico,Mexico
1900-03-01,15.178,0.74,Mexico,Mexico
1900-04-01,17.259999999999998,0.434,Mexico,Mexico
1900-05-01,18.273,0.472,Mexico,Mexico
1900-06-01,19.095,0.98,Mexico,Mexico
1900-07-01,16.959,0.636,Mexico,Mexico
1900-08-01,17.332,0.4039999999999999,Mexico,Mexico
1900-09-01,17.168,0.795,Mexico,Mexico
1900-10-01,16.064,1.014,Mexico,Mexico
1900-11-01,13.925,0.461,Mexico,Mexico
1900-12-01,11.329,0.534,Mexico,Mexico
1901-01-01,12.248,0.951,Mexico,Mexico
1901-02-01,12.866,1.187,Mexico,Mexico
1901-03-01,15.109000000000002,0.474,Mexico,Mexico
1901-04-01,17.067,2.619,Mexico,Mexico
1901-05-01,18.816,2.35,Mexico,Mexico
1901-06-01,18.88,3.197,Mexico,Mexico
1901-07-01,17.129,0.8540000000000001,Mexico,Mexico
1901-08-01,17.3,0.599,Mexico,Mexico
1901-09-01,16.774,0.479,Mexico,Mexico
1901-10-01,14.985,1.098,Mexico,Mexico
1901-11-01,13.272,1.027,Mexico,Mexico
1901-12-01,11.086,0.555,Mexico,Mexico
1902-01-01,11.380999999999998,1.109,Mexico,Mexico
1902-02-01,13.295,0.568,Mexico,Mexico
1902-03-01,15.703,0.6559999999999999,Mexico,Mexico
1902-04-01,18.093,0.762,Mexico,Mexico
1902-05-01,18.584,0.441,Mexico,Mexico
1902-06-01,18.538,0.725,Mexico,Mexico
1902-07-01,16.846,0.431,Mexico,Mexico
1902-08-01,17.590999999999998,0.6509999999999999,Mexico,Mexico
1902-09-01,17.012,0.452,Mexico,Mexico
1902-10-01,14.997,0.66,Mexico,Mexico
1902-11-01,14.385,0.8009999999999999,Mexico,Mexico
1902-12-01,11.977,1.009,Mexico,Mexico
1903-01-01,11.466,0.473,Mexico,Mexico
1903-02-01,13.935,0.718,Mexico,Mexico
1903-03-01,15.198,0.496,Mexico,Mexico
1903-04-01,17.649,1.009,Mexico,Mexico
1903-05-01,18.572,0.851,Mexico,Mexico
1903-06-01,17.239,0.5589999999999999,Mexico,Mexico
1903-07-01,17.075,0.547,Mexico,Mexico
1903-08-01,16.483,0.664,Mexico,Mexico
1903-09-01,16.375999999999998,0.963,Mexico,Mexico
1903-10-01,14.398,0.3939999999999999,Mexico,Mexico
1903-11-01,13.01,0.327,Mexico,Mexico
1903-12-01,11.482,0.765,Mexico,Mexico
1904-01-01,12.092,1.156,Mexico,Mexico
1904-02-01,13.166,0.7020000000000001,Mexico,Mexico
1904-03-01,14.865,1.315,Mexico,Mexico
1904-04-01,16.647000000000002,0.805,Mexico,Mexico
1904-05-01,17.211,0.45,Mexico,Mexico
1904-06-01,17.17,0.491,Mexico,Mexico
1904-07-01,16.026,0.482,Mexico,Mexico
1904-08-01,16.086,0.627,Mexico,Mexico
1904-09-01,16.392,0.39,Mexico,Mexico
1904-10-01,14.869000000000002,0.56,Mexico,Mexico
1904-11-01,13.015,0.361,Mexico,Mexico
1904-12-01,11.541,0.609,Mexico,Mexico
1905-01-01,10.834,0.6779999999999999,Mexico,Mexico
1905-02-01,12.705,0.743,Mexico,Mexico
1905-03-01,13.436,0.725,Mexico,Mexico
1905-04-01,16.842,0.597,Mexico,Mexico
1905-05-01,19.716,0.309,Mexico,Mexico
1905-06-01,17.683,0.341,Mexico,Mexico
1905-07-01,17.143,0.46,Mexico,Mexico
1905-08-01,17.46,0.237,Mexico,Mexico
1905-09-01,16.631,0.4,Mexico,Mexico
1905-10-01,16.243,0.5,Mexico,Mexico
1905-11-01,15.331,0.429,Mexico,Mexico
1905-12-01,10.969,0.718,Mexico,Mexico
1906-01-01,10.729,1.064,Mexico,Mexico
1906-02-01,11.637,0.8340000000000001,Mexico,Mexico
1906-03-01,15.156,0.35,Mexico,Mexico
1906-04-01,16.874000000000002,0.51,Mexico,Mexico
1906-05-01,18.609,0.608,Mexico,Mexico
1906-06-01,18.201,0.581,Mexico,Mexico
1906-07-01,17.551000000000002,0.429,Mexico,Mexico
1906-08-01,16.935,0.366,Mexico,Mexico
1906-09-01,16.867,0.436,Mexico,Mexico
1906-10-01,15.298,0.49,Mexico,Mexico
1906-11-01,13.342,0.6990000000000001,Mexico,Mexico
1906-12-01,11.485,1.104,Mexico,Mexico
1907-01-01,12.226,1.222,Mexico,Mexico
1907-02-01,12.626,1.713,Mexico,Mexico
1907-03-01,15.587,1.159,Mexico,Mexico
1907-04-01,16.684,0.968,Mexico,Mexico
1907-05-01,17.933,0.858,Mexico,Mexico
1907-06-01,18.034,0.452,Mexico,Mexico
1907-07-01,16.988,0.379,Mexico,Mexico
1907-08-01,16.893,0.416,Mexico,Mexico
1907-09-01,16.527,0.723,Mexico,Mexico
1907-10-01,15.636,0.6679999999999999,Mexico,Mexico
1907-11-01,14.166,0.478,Mexico,Mexico
1907-12-01,11.764,0.986,Mexico,Mexico
1908-01-01,12.328,1.23,Mexico,Mexico
1908-02-01,14.122,0.795,Mexico,Mexico
1908-03-01,16.599,0.652,Mexico,Mexico
1908-04-01,17.512999999999998,0.83,Mexico,Mexico
1908-05-01,17.915,0.551,Mexico,Mexico
1908-06-01,18.194000000000003,0.519,Mexico,Mexico
1908-07-01,16.454,0.253,Mexico,Mexico
1908-08-01,17.166999999999998,0.485,Mexico,Mexico
1908-09-01,16.572,0.295,Mexico,Mexico
1908-10-01,14.593,0.665,Mexico,Mexico
1908-11-01,13.236,0.725,Mexico,Mexico
1908-12-01,12.627,0.933,Mexico,Mexico
1909-01-01,11.537,1.389,Mexico,Mexico
1909-02-01,13.474,0.4479999999999999,Mexico,Mexico
1909-03-01,16.997,0.52,Mexico,Mexico
1909-04-01,17.641,0.407,Mexico,Mexico
1909-05-01,19.509,0.39,Mexico,Mexico
1909-06-01,18.334,0.636,Mexico,Mexico
1909-07-01,17.84,0.562,Mexico,Mexico
1909-08-01,17.222,0.377,Mexico,Mexico
1909-09-01,15.51,0.499,Mexico,Mexico
1909-10-01,15.185,0.7879999999999999,Mexico,Mexico
1909-11-01,14.196,1.0659999999999998,Mexico,Mexico
1909-12-01,12.152,1.069,Mexico,Mexico
1910-01-01,11.114,1.717,Mexico,Mexico
1910-02-01,13.257,1.085,Mexico,Mexico
1910-03-01,13.894,1.475,Mexico,Mexico
1910-04-01,16.592,1.28,Mexico,Mexico
1910-05-01,17.336,0.974,Mexico,Mexico
1910-06-01,17.229,0.591,Mexico,Mexico
1910-07-01,16.773,0.637,Mexico,Mexico
1910-08-01,17.265,0.62,Mexico,Mexico
1910-09-01,15.984000000000002,0.391,Mexico,Mexico
1910-10-01,14.899,0.47,Mexico,Mexico
1910-11-01,13.965,0.365,Mexico,Mexico
1910-12-01,11.493,0.682,Mexico,Mexico
1911-01-01,12.139,1.794,Mexico,Mexico
1911-02-01,14.11,0.805,Mexico,Mexico
1911-03-01,15.473,1.27,Mexico,Mexico
1911-04-01,17.421,0.708,Mexico,Mexico
1911-05-01,16.753,0.586,Mexico,Mexico
1911-06-01,18.238,0.473,Mexico,Mexico
1911-07-01,16.544,0.392,Mexico,Mexico
1911-08-01,17.402,0.753,Mexico,Mexico
1911-09-01,17.192,0.8370000000000001,Mexico,Mexico
1911-10-01,15.555,0.903,Mexico,Mexico
1911-11-01,14.697,0.908,Mexico,Mexico
1911-12-01,12.499,0.6970000000000001,Mexico,Mexico
1912-01-01,12.19,1.039,Mexico,Mexico
1912-02-01,12.226,0.785,Mexico,Mexico
1912-03-01,16.52,0.809,Mexico,Mexico
1912-04-01,18.543,0.865,Mexico,Mexico
1912-05-01,18.513,0.594,Mexico,Mexico
1912-06-01,16.881,0.863,Mexico,Mexico
1912-07-01,16.605999999999998,0.4679999999999999,Mexico,Mexico
1912-08-01,17.016,0.417,Mexico,Mexico
1912-09-01,16.438,0.818,Mexico,Mexico
1912-10-01,15.472,0.515,Mexico,Mexico
1912-11-01,12.063,0.5670000000000001,Mexico,Mexico
1912-12-01,12.547,0.519,Mexico,Mexico
1913-01-01,12.021,0.625,Mexico,Mexico
1913-02-01,13.365,0.737,Mexico,Mexico
1913-03-01,15.524,0.7,Mexico,Mexico
1913-04-01,15.593,0.502,Mexico,Mexico
1913-05-01,16.721999999999998,0.857,Mexico,Mexico
1913-06-01,16.59,0.88,Mexico,Mexico
1913-07-01,16.169,0.914,Mexico,Mexico
1913-08-01,16.921,0.401,Mexico,Mexico
1913-09-01,16.435,0.427,Mexico,Mexico
1913-10-01,15.129,0.451,Mexico,Mexico
1913-11-01,13.802,0.807,Mexico,Mexico
1913-12-01,12.672,0.4679999999999999,Mexico,Mexico
1914-01-01,11.903,1.877,Mexico,Mexico
1914-02-01,13.789,0.943,Mexico,Mexico
1914-03-01,14.706,0.7120000000000001,Mexico,Mexico
1914-04-01,16.250999999999998,0.526,Mexico,Mexico
1914-05-01,16.997,1.325,Mexico,Mexico
1914-06-01,17.011,0.335,Mexico,Mexico
1914-07-01,17.165000000000006,0.374,Mexico,Mexico
1914-08-01,17.488,0.4,Mexico,Mexico
1914-09-01,16.227,0.5489999999999999,Mexico,Mexico
1914-10-01,15.688,0.395,Mexico,Mexico
1914-11-01,14.071,0.67,Mexico,Mexico
1914-12-01,12.895,1.787,Mexico,Mexico
1915-01-01,11.880999999999998,0.84,Mexico,Mexico
1915-02-01,13.543,0.792,Mexico,Mexico
1915-03-01,13.904000000000002,2.215,Mexico,Mexico
1915-04-01,16.636,0.515,Mexico,Mexico
1915-05-01,19.422,1.676,Mexico,Mexico
1915-06-01,18.967,0.457,Mexico,Mexico
1915-07-01,17.279,0.975,Mexico,Mexico
1915-08-01,17.229,0.738,Mexico,Mexico
1915-09-01,16.259,0.833,Mexico,Mexico
1915-10-01,14.714,1.564,Mexico,Mexico
1915-11-01,14.284,0.562,Mexico,Mexico
1915-12-01,12.461,1.469,Mexico,Mexico
1916-01-01,13.464,2.148,Mexico,Mexico
1916-02-01,13.384,1.991,Mexico,Mexico
1916-03-01,15.372,2.842,Mexico,Mexico
1916-04-01,16.587,1.101,Mexico,Mexico
1916-05-01,18.719,0.586,Mexico,Mexico
1916-06-01,18.825,0.685,Mexico,Mexico
1916-07-01,16.684,0.467,Mexico,Mexico
1916-08-01,16.235,0.529,Mexico,Mexico
1916-09-01,15.851,0.498,Mexico,Mexico
1916-10-01,15.113,0.564,Mexico,Mexico
1916-11-01,13.353,0.747,Mexico,Mexico
1916-12-01,13.324000000000002,0.728,Mexico,Mexico
1917-01-01,13.032,0.7390000000000001,Mexico,Mexico
1917-02-01,14.004,0.7759999999999999,Mexico,Mexico
1917-03-01,15.942,0.4039999999999999,Mexico,Mexico
1917-04-01,16.741,0.528,Mexico,Mexico
1917-05-01,18.913,0.649,Mexico,Mexico
1917-06-01,17.619,1.233,Mexico,Mexico
1917-07-01,16.933,0.4679999999999999,Mexico,Mexico
1917-08-01,17.032,0.612,Mexico,Mexico
1917-09-01,16.539,0.3779999999999999,Mexico,Mexico
1917-10-01,14.936,0.322,Mexico,Mexico
1917-11-01,12.03,0.908,Mexico,Mexico
1917-12-01,12.403,0.401,Mexico,Mexico
1918-01-01,12.013,1.001,Mexico,Mexico
1918-02-01,14.361,0.532,Mexico,Mexico
1918-03-01,14.475,0.93,Mexico,Mexico
1918-04-01,17.284000000000002,0.603,Mexico,Mexico
1918-05-01,18.44,1.083,Mexico,Mexico
1918-06-01,17.16,0.3939999999999999,Mexico,Mexico
1918-07-01,16.894000000000002,0.625,Mexico,Mexico
1918-08-01,16.593,0.845,Mexico,Mexico
1918-09-01,16.322,0.615,Mexico,Mexico
1918-10-01,16.019000000000002,0.489,Mexico,Mexico
1918-11-01,14.345999999999998,0.506,Mexico,Mexico
1918-12-01,13.04,0.522,Mexico,Mexico
1919-01-01,10.755999999999998,0.465,Mexico,Mexico
1919-02-01,14.253,0.672,Mexico,Mexico
1919-03-01,15.163,0.675,Mexico,Mexico
1919-04-01,16.7,0.679,Mexico,Mexico
1919-05-01,19.172,0.474,Mexico,Mexico
1919-06-01,18.276,0.547,Mexico,Mexico
1919-07-01,17.102999999999998,0.397,Mexico,Mexico
1919-08-01,18.212,1.035,Mexico,Mexico
1919-09-01,17.059,0.799,Mexico,Mexico
1919-10-01,16.594,0.961,Mexico,Mexico
1919-11-01,14.357,0.8809999999999999,Mexico,Mexico
1919-12-01,12.981,0.466,Mexico,Mexico
1920-01-01,12.031,0.8140000000000001,Mexico,Mexico
1920-02-01,14.857,0.875,Mexico,Mexico
1920-03-01,16.672,0.737,Mexico,Mexico
1920-04-01,18.632,0.8909999999999999,Mexico,Mexico
1920-05-01,17.634999999999994,0.875,Mexico,Mexico
1920-06-01,17.059,0.938,Mexico,Mexico
1920-07-01,17.565,0.526,Mexico,Mexico
1920-08-01,17.441,0.387,Mexico,Mexico
1920-09-01,17.13,0.31,Mexico,Mexico
1920-10-01,15.691,0.424,Mexico,Mexico
1920-11-01,14.317,0.948,Mexico,Mexico
1920-12-01,12.949000000000002,0.897,Mexico,Mexico
1921-01-01,12.218,0.351,Mexico,Mexico
1921-02-01,13.237,0.357,Mexico,Mexico
1921-03-01,16.313,0.352,Mexico,Mexico
1921-04-01,17.605,0.341,Mexico,Mexico
1921-05-01,18.408,0.347,Mexico,Mexico
1921-06-01,18.752,0.417,Mexico,Mexico
1921-07-01,17.17,0.359,Mexico,Mexico
1921-08-01,17.354,0.58,Mexico,Mexico
1921-09-01,16.921,0.289,Mexico,Mexico
1921-10-01,14.970999999999998,0.494,Mexico,Mexico
1921-11-01,14.424,0.436,Mexico,Mexico
1921-12-01,13.348,0.419,Mexico,Mexico
1922-01-01,12.838,0.6809999999999999,Mexico,Mexico
1922-02-01,14.663,0.4579999999999999,Mexico,Mexico
1922-03-01,16.452,0.2339999999999999,Mexico,Mexico
1922-04-01,18.517,0.406,Mexico,Mexico
1922-05-01,19.308,0.499,Mexico,Mexico
1922-06-01,17.14,0.2,Mexico,Mexico
1922-07-01,17.262,0.1969999999999999,Mexico,Mexico
1922-08-01,17.436,0.28,Mexico,Mexico
1922-09-01,16.714000000000002,0.366,Mexico,Mexico
1922-10-01,14.939,0.317,Mexico,Mexico
1922-11-01,14.588,0.414,Mexico,Mexico
1922-12-01,12.968,0.552,Mexico,Mexico
1923-01-01,12.706,1.137,Mexico,Mexico
1923-02-01,13.282,0.926,Mexico,Mexico
1923-03-01,15.088,1.224,Mexico,Mexico
1923-04-01,17.421,1.085,Mexico,Mexico
1923-05-01,19.238,1.351,Mexico,Mexico
1923-06-01,17.898,0.955,Mexico,Mexico
1923-07-01,17.198,0.21,Mexico,Mexico
1923-08-01,17.73,0.3829999999999999,Mexico,Mexico
1923-09-01,17.653,0.6659999999999999,Mexico,Mexico
1923-10-01,14.876,0.3339999999999999,Mexico,Mexico
1923-11-01,13.839,0.418,Mexico,Mexico
1923-12-01,13.187,0.531,Mexico,Mexico
1924-01-01,12.236999999999998,0.4579999999999999,Mexico,Mexico
1924-02-01,13.669,0.6579999999999999,Mexico,Mexico
1924-03-01,16.637999999999998,0.88,Mexico,Mexico
1924-04-01,18.226,0.556,Mexico,Mexico
1924-05-01,18.64,0.645,Mexico,Mexico
1924-06-01,18.067,0.411,Mexico,Mexico
1924-07-01,17.653000000000006,0.5479999999999999,Mexico,Mexico
1924-08-01,17.942999999999994,0.54,Mexico,Mexico
1924-09-01,16.373,0.441,Mexico,Mexico
1924-10-01,14.982,0.216,Mexico,Mexico
1924-11-01,13.296,0.311,Mexico,Mexico
1924-12-01,12.839,0.6679999999999999,Mexico,Mexico
1925-01-01,12.201,0.821,Mexico,Mexico
1925-02-01,13.522,0.991,Mexico,Mexico
1925-03-01,15.449000000000002,0.5,Mexico,Mexico
1925-04-01,17.435,0.635,Mexico,Mexico
1925-05-01,17.727999999999994,0.5670000000000001,Mexico,Mexico
1925-06-01,17.267,0.392,Mexico,Mexico
1925-07-01,17.237000000000002,0.341,Mexico,Mexico
1925-08-01,17.594,0.284,Mexico,Mexico
1925-09-01,16.879,0.2239999999999999,Mexico,Mexico
1925-10-01,16.292,0.327,Mexico,Mexico
1925-11-01,13.768,0.455,Mexico,Mexico
1925-12-01,11.201,0.545,Mexico,Mexico
1926-01-01,11.867,0.481,Mexico,Mexico
1926-02-01,13.345999999999998,0.3779999999999999,Mexico,Mexico
1926-03-01,16.242,0.206,Mexico,Mexico
1926-04-01,16.47,0.613,Mexico,Mexico
1926-05-01,17.872999999999994,0.639,Mexico,Mexico
1926-06-01,18.262,0.439,Mexico,Mexico
1926-07-01,17.799,0.265,Mexico,Mexico
1926-08-01,17.858,0.265,Mexico,Mexico
1926-09-01,17.028,0.2319999999999999,Mexico,Mexico
1926-10-01,16.203,0.33,Mexico,Mexico
1926-11-01,13.318,0.529,Mexico,Mexico
1926-12-01,12.961,0.821,Mexico,Mexico
1927-01-01,11.513,0.408,Mexico,Mexico
1927-02-01,13.709,0.517,Mexico,Mexico
1927-03-01,16.219,0.457,Mexico,Mexico
1927-04-01,17.553,0.366,Mexico,Mexico
1927-05-01,20.004,0.637,Mexico,Mexico
1927-06-01,18.167,0.465,Mexico,Mexico
1927-07-01,17.182000000000002,0.332,Mexico,Mexico
1927-08-01,17.701999999999995,0.3989999999999999,Mexico,Mexico
1927-09-01,16.717,0.376,Mexico,Mexico
1927-10-01,15.268,0.243,Mexico,Mexico
1927-11-01,13.849,0.6559999999999999,Mexico,Mexico
1927-12-01,13.303,0.6629999999999999,Mexico,Mexico
1928-01-01,11.931,0.238,Mexico,Mexico
1928-02-01,14.186,0.526,Mexico,Mexico
1928-03-01,16.245,0.374,Mexico,Mexico
1928-04-01,17.317,0.588,Mexico,Mexico
1928-05-01,18.417,0.599,Mexico,Mexico
1928-06-01,19.31,0.511,Mexico,Mexico
1928-07-01,17.694000000000006,0.407,Mexico,Mexico
1928-08-01,17.726,0.2189999999999999,Mexico,Mexico
1928-09-01,16.833,0.14,Mexico,Mexico
1928-10-01,15.896,0.261,Mexico,Mexico
1928-11-01,13.495,0.251,Mexico,Mexico
1928-12-01,12.557,0.494,Mexico,Mexico
1929-01-01,12.423,0.626,Mexico,Mexico
1929-02-01,14.664,0.5429999999999999,Mexico,Mexico
1929-03-01,16.1,0.416,Mexico,Mexico
1929-04-01,18.938,0.43,Mexico,Mexico
1929-05-01,18.519,0.309,Mexico,Mexico
1929-06-01,17.949,0.486,Mexico,Mexico
1929-07-01,16.659000000000002,0.381,Mexico,Mexico
1929-08-01,16.878,0.261,Mexico,Mexico
1929-09-01,16.805999999999997,0.226,Mexico,Mexico
1929-10-01,15.023,0.3779999999999999,Mexico,Mexico
1929-11-01,14.344,0.485,Mexico,Mexico
1929-12-01,12.339,0.4029999999999999,Mexico,Mexico
1930-01-01,12.585,0.367,Mexico,Mexico
1930-02-01,13.661,0.237,Mexico,Mexico
1930-03-01,16.502,0.3879999999999999,Mexico,Mexico
1930-04-01,16.264,0.311,Mexico,Mexico
1930-05-01,19.027,0.698,Mexico,Mexico
1930-06-01,17.795,0.3339999999999999,Mexico,Mexico
1930-07-01,16.817999999999998,0.186,Mexico,Mexico
1930-08-01,17.312,0.265,Mexico,Mexico
1930-09-01,17.753,0.452,Mexico,Mexico
1930-10-01,15.962,0.487,Mexico,Mexico
1930-11-01,13.282,0.431,Mexico,Mexico
1930-12-01,12.615,0.79,Mexico,Mexico
1931-01-01,11.411,0.3979999999999999,Mexico,Mexico
1931-02-01,13.524,0.38,Mexico,Mexico
1931-03-01,15.281,0.5760000000000001,Mexico,Mexico
1931-04-01,16.089000000000002,0.38,Mexico,Mexico
1931-05-01,18.054,0.371,Mexico,Mexico
1931-06-01,18.173,0.361,Mexico,Mexico
1931-07-01,17.641000000000005,0.831,Mexico,Mexico
1931-08-01,17.024,0.47,Mexico,Mexico
1931-09-01,16.258,0.317,Mexico,Mexico
1931-10-01,15.976,0.156,Mexico,Mexico
1931-11-01,14.219,0.233,Mexico,Mexico
1931-12-01,13.208,0.513,Mexico,Mexico
1932-01-01,13.231,0.888,Mexico,Mexico
1932-02-01,14.916,0.474,Mexico,Mexico
1932-03-01,15.018,0.355,Mexico,Mexico
1932-04-01,16.974,0.446,Mexico,Mexico
1932-05-01,18.918,0.3989999999999999,Mexico,Mexico
1932-06-01,18.997,0.379,Mexico,Mexico
1932-07-01,17.295,0.396,Mexico,Mexico
1932-08-01,17.942,0.2019999999999999,Mexico,Mexico
1932-09-01,17.188,0.22,Mexico,Mexico
1932-10-01,15.241,0.1989999999999999,Mexico,Mexico
1932-11-01,12.112,0.327,Mexico,Mexico
1932-12-01,12.852,0.41,Mexico,Mexico
1933-01-01,12.98,0.728,Mexico,Mexico
1933-02-01,14.7,0.488,Mexico,Mexico
1933-03-01,16.023,0.358,Mexico,Mexico
1933-04-01,18.758,0.452,Mexico,Mexico
1933-05-01,20.531,0.452,Mexico,Mexico
1933-06-01,18.21,0.6,Mexico,Mexico
1933-07-01,18.506,0.456,Mexico,Mexico
1933-08-01,17.063,0.2239999999999999,Mexico,Mexico
1933-09-01,16.717,0.257,Mexico,Mexico
1933-10-01,15.13,0.268,Mexico,Mexico
1933-11-01,13.417,0.589,Mexico,Mexico
1933-12-01,12.707,0.8320000000000001,Mexico,Mexico
1934-01-01,12.798,0.3329999999999999,Mexico,Mexico
1934-02-01,13.844,0.5489999999999999,Mexico,Mexico
1934-03-01,13.203,0.496,Mexico,Mexico
1934-04-01,15.968,0.308,Mexico,Mexico
1934-05-01,17.124000000000002,0.349,Mexico,Mexico
1934-06-01,18.4,0.7879999999999999,Mexico,Mexico
1934-07-01,17.551000000000002,0.405,Mexico,Mexico
1934-08-01,17.285,0.288,Mexico,Mexico
1934-09-01,16.855999999999998,0.301,Mexico,Mexico
1934-10-01,15.048,0.354,Mexico,Mexico
1934-11-01,14.014,0.489,Mexico,Mexico
1934-12-01,13.137,0.253,Mexico,Mexico
1935-01-01,12.061,0.484,Mexico,Mexico
1935-02-01,11.675999999999998,0.474,Mexico,Mexico
1935-03-01,15.722,0.525,Mexico,Mexico
1935-04-01,17.62,0.6709999999999999,Mexico,Mexico
1935-05-01,18.922,0.363,Mexico,Mexico
1935-06-01,17.528000000000002,0.481,Mexico,Mexico
1935-07-01,17.142,0.29,Mexico,Mexico
1935-08-01,17.239,0.296,Mexico,Mexico
1935-09-01,17.005,0.3389999999999999,Mexico,Mexico
1935-10-01,15.169,0.365,Mexico,Mexico
1935-11-01,14.158,0.395,Mexico,Mexico
1935-12-01,12.589,0.342,Mexico,Mexico
1936-01-01,13.17,0.42,Mexico,Mexico
1936-02-01,14.413,0.462,Mexico,Mexico
1936-03-01,16.788,0.275,Mexico,Mexico
1936-04-01,16.208,0.5529999999999999,Mexico,Mexico
1936-05-01,17.25,0.415,Mexico,Mexico
1936-06-01,19.038,0.665,Mexico,Mexico
1936-07-01,17.404,0.777,Mexico,Mexico
1936-08-01,17.372,0.273,Mexico,Mexico
1936-09-01,16.951999999999998,0.382,Mexico,Mexico
1936-10-01,15.429,0.25,Mexico,Mexico
1936-11-01,13.882,0.703,Mexico,Mexico
1936-12-01,12.775,0.217,Mexico,Mexico
1937-01-01,14.614999999999998,0.348,Mexico,Mexico
1937-02-01,14.88,0.355,Mexico,Mexico
1937-03-01,15.576,0.198,Mexico,Mexico
1937-04-01,17.434,0.254,Mexico,Mexico
1937-05-01,17.669,0.33,Mexico,Mexico
1937-06-01,17.92,0.309,Mexico,Mexico
1937-07-01,17.125,0.203,Mexico,Mexico
1937-08-01,17.598,0.17,Mexico,Mexico
1937-09-01,17.252,0.308,Mexico,Mexico
1937-10-01,15.663,0.47,Mexico,Mexico
1937-11-01,13.993,0.405,Mexico,Mexico
1937-12-01,12.889,0.254,Mexico,Mexico
1938-01-01,12.979,0.184,Mexico,Mexico
1938-02-01,13.422,0.514,Mexico,Mexico
1938-03-01,16.89,0.708,Mexico,Mexico
1938-04-01,17.204,0.313,Mexico,Mexico
1938-05-01,18.631,0.284,Mexico,Mexico
1938-06-01,17.613,0.332,Mexico,Mexico
1938-07-01,17.333000000000002,0.517,Mexico,Mexico
1938-08-01,17.483999999999998,0.3429999999999999,Mexico,Mexico
1938-09-01,16.384999999999998,0.322,Mexico,Mexico
1938-10-01,15.004,0.544,Mexico,Mexico
1938-11-01,14.095999999999998,0.5489999999999999,Mexico,Mexico
1938-12-01,12.067,0.34,Mexico,Mexico
1939-01-01,12.762,0.5579999999999999,Mexico,Mexico
1939-02-01,14.436,0.8370000000000001,Mexico,Mexico
1939-03-01,15.553,0.632,Mexico,Mexico
1939-04-01,16.563,0.5539999999999999,Mexico,Mexico
1939-05-01,18.033,0.518,Mexico,Mexico
1939-06-01,17.656000000000006,0.4679999999999999,Mexico,Mexico
1939-07-01,17.328,0.155,Mexico,Mexico
1939-08-01,17.62,0.155,Mexico,Mexico
1939-09-01,16.384999999999998,0.122,Mexico,Mexico
1939-10-01,15.666,0.213,Mexico,Mexico
1939-11-01,12.377,0.61,Mexico,Mexico
1939-12-01,12.695,0.498,Mexico,Mexico
1940-01-01,11.118,0.303,Mexico,Mexico
1940-02-01,13.874,0.251,Mexico,Mexico
1940-03-01,15.344,0.23,Mexico,Mexico
1940-04-01,18.134,0.148,Mexico,Mexico
1940-05-01,18.173,0.552,Mexico,Mexico
1940-06-01,18.558,0.243,Mexico,Mexico
1940-07-01,17.654,0.125,Mexico,Mexico
1940-08-01,18.353,0.2289999999999999,Mexico,Mexico
1940-09-01,16.955,0.176,Mexico,Mexico
1940-10-01,16.291,0.336,Mexico,Mexico
1940-11-01,14.638,0.3829999999999999,Mexico,Mexico
1940-12-01,12.974,0.271,Mexico,Mexico
1941-01-01,12.316,0.278,Mexico,Mexico
1941-02-01,13.709,0.586,Mexico,Mexico
1941-03-01,15.456,0.613,Mexico,Mexico
1941-04-01,18.284,0.233,Mexico,Mexico
1941-05-01,18.048,0.3879999999999999,Mexico,Mexico
1941-06-01,18.646,0.375,Mexico,Mexico
1941-07-01,17.643,0.2189999999999999,Mexico,Mexico
1941-08-01,18.083,0.125,Mexico,Mexico
1941-09-01,17.226,0.316,Mexico,Mexico
1941-10-01,16.477999999999998,0.347,Mexico,Mexico
1941-11-01,14.434,0.239,Mexico,Mexico
1941-12-01,13.486,0.4629999999999999,Mexico,Mexico
1942-01-01,12.162,0.48,Mexico,Mexico
1942-02-01,15.069,0.59,Mexico,Mexico
1942-03-01,16.03,0.501,Mexico,Mexico
1942-04-01,17.985,0.7140000000000001,Mexico,Mexico
1942-05-01,19.644,0.4679999999999999,Mexico,Mexico
1942-06-01,18.768,0.3279999999999999,Mexico,Mexico
1942-07-01,17.496000000000002,0.348,Mexico,Mexico
1942-08-01,17.288999999999998,0.3929999999999999,Mexico,Mexico
1942-09-01,16.538,0.231,Mexico,Mexico
1942-10-01,16.155,0.185,Mexico,Mexico
1942-11-01,14.064,0.384,Mexico,Mexico
1942-12-01,12.935,0.485,Mexico,Mexico
1943-01-01,12.616,0.481,Mexico,Mexico
1943-02-01,13.101,0.583,Mexico,Mexico
1943-03-01,15.579,0.96,Mexico,Mexico
1943-04-01,17.422,0.7979999999999999,Mexico,Mexico
1943-05-01,19.126,0.12,Mexico,Mexico
1943-06-01,17.494,0.171,Mexico,Mexico
1943-07-01,18.148,0.491,Mexico,Mexico
1943-08-01,18.102,0.3389999999999999,Mexico,Mexico
1943-09-01,17.761,0.358,Mexico,Mexico
1943-10-01,15.169,0.421,Mexico,Mexico
1943-11-01,12.811,0.519,Mexico,Mexico
1943-12-01,12.47,0.311,Mexico,Mexico
1944-01-01,11.629,0.711,Mexico,Mexico
1944-02-01,15.133,0.773,Mexico,Mexico
1944-03-01,15.933,0.675,Mexico,Mexico
1944-04-01,18.372,0.439,Mexico,Mexico
1944-05-01,18.519,0.307,Mexico,Mexico
1944-06-01,18.81600000000001,0.345,Mexico,Mexico
1944-07-01,18.039,0.4379999999999999,Mexico,Mexico
1944-08-01,17.793,0.144,Mexico,Mexico
1944-09-01,16.922,0.347,Mexico,Mexico
1944-10-01,13.92,0.452,Mexico,Mexico
1944-11-01,14.75,0.281,Mexico,Mexico
1944-12-01,11.916,0.292,Mexico,Mexico
1945-01-01,13.239999999999998,0.519,Mexico,Mexico
1945-02-01,15.19,0.867,Mexico,Mexico
1945-03-01,17.312,0.8079999999999999,Mexico,Mexico
1945-04-01,18.502,0.231,Mexico,Mexico
1945-05-01,18.617,0.3279999999999999,Mexico,Mexico
1945-06-01,19.539,0.381,Mexico,Mexico
1945-07-01,18.332,0.295,Mexico,Mexico
1945-08-01,17.928,0.507,Mexico,Mexico
1945-09-01,17.4,0.36,Mexico,Mexico
1945-10-01,15.196,0.476,Mexico,Mexico
1945-11-01,14.326,0.539,Mexico,Mexico
1945-12-01,13.344,0.63,Mexico,Mexico
1946-01-01,12.800999999999998,0.547,Mexico,Mexico
1946-02-01,14.309,0.7040000000000001,Mexico,Mexico
1946-03-01,16.792,0.597,Mexico,Mexico
1946-04-01,17.301,0.599,Mexico,Mexico
1946-05-01,20.17,0.492,Mexico,Mexico
1946-06-01,17.871000000000006,0.308,Mexico,Mexico
1946-07-01,17.913,0.401,Mexico,Mexico
1946-08-01,18.11,0.37,Mexico,Mexico
1946-09-01,18.165,0.233,Mexico,Mexico
1946-10-01,16.308,0.546,Mexico,Mexico
1946-11-01,15.21,0.41,Mexico,Mexico
1946-12-01,12.982,0.499,Mexico,Mexico
1947-01-01,13.267,0.632,Mexico,Mexico
1947-02-01,13.753,0.528,Mexico,Mexico
1947-03-01,16.69,0.7170000000000001,Mexico,Mexico
1947-04-01,18.202,0.243,Mexico,Mexico
1947-05-01,18.203,0.178,Mexico,Mexico
1947-06-01,19.231,0.204,Mexico,Mexico
1947-07-01,18.11,0.418,Mexico,Mexico
1947-08-01,17.54,0.426,Mexico,Mexico
1947-09-01,16.384999999999998,0.42,Mexico,Mexico
1947-10-01,16.487000000000002,0.507,Mexico,Mexico
1947-11-01,15.191,0.4639999999999999,Mexico,Mexico
1947-12-01,12.892,0.196,Mexico,Mexico
1948-01-01,11.986999999999998,0.38,Mexico,Mexico
1948-02-01,15.248,0.534,Mexico,Mexico
1948-03-01,17.477999999999998,0.364,Mexico,Mexico
1948-04-01,17.177,0.235,Mexico,Mexico
1948-05-01,18.923,0.2239999999999999,Mexico,Mexico
1948-06-01,18.687,0.286,Mexico,Mexico
1948-07-01,17.883000000000006,0.253,Mexico,Mexico
1948-08-01,18.15,0.413,Mexico,Mexico
1948-09-01,17.13,0.1889999999999999,Mexico,Mexico
1948-10-01,15.858,0.178,Mexico,Mexico
1948-11-01,15.618,0.259,Mexico,Mexico
1948-12-01,14.646,0.502,Mexico,Mexico
1949-01-01,13.502,0.311,Mexico,Mexico
1949-02-01,15.488,0.688,Mexico,Mexico
1949-03-01,17.31,0.4479999999999999,Mexico,Mexico
1949-04-01,17.77,0.379,Mexico,Mexico
1949-05-01,19.18,0.33,Mexico,Mexico
1949-06-01,19.029,0.488,Mexico,Mexico
1949-07-01,17.997,0.409,Mexico,Mexico
1949-08-01,18.228,0.446,Mexico,Mexico
1949-09-01,17.407,0.303,Mexico,Mexico
1949-10-01,17.024,0.247,Mexico,Mexico
1949-11-01,12.795,0.405,Mexico,Mexico
1949-12-01,13.867,0.552,Mexico,Mexico
1950-01-01,14.013,0.442,Mexico,Mexico
1950-02-01,14.174,0.4639999999999999,Mexico,Mexico
1950-03-01,16.273,0.507,Mexico,Mexico
1950-04-01,17.429000000000002,0.321,Mexico,Mexico
1950-05-01,19.592,0.2189999999999999,Mexico,Mexico
1950-06-01,18.032,0.2319999999999999,Mexico,Mexico
1950-07-01,17.149,0.223,Mexico,Mexico
1950-08-01,17.903,0.299,Mexico,Mexico
1950-09-01,17.892,0.2789999999999999,Mexico,Mexico
1950-10-01,15.498,0.569,Mexico,Mexico
1950-11-01,13.196,0.28,Mexico,Mexico
1950-12-01,12.173,0.738,Mexico,Mexico
1951-01-01,13.082999999999998,0.441,Mexico,Mexico
1951-02-01,13.603,0.215,Mexico,Mexico
1951-03-01,15.743,0.589,Mexico,Mexico
1951-04-01,18.219,0.483,Mexico,Mexico
1951-05-01,18.384,0.5870000000000001,Mexico,Mexico
1951-06-01,18.855,0.71,Mexico,Mexico
1951-07-01,17.445999999999998,0.372,Mexico,Mexico
1951-08-01,17.745,0.307,Mexico,Mexico
1951-09-01,17.427,0.292,Mexico,Mexico
1951-10-01,16.13,0.25,Mexico,Mexico
1951-11-01,15.109000000000002,0.672,Mexico,Mexico
1951-12-01,14.535,0.7120000000000001,Mexico,Mexico
1952-01-01,14.22,0.353,Mexico,Mexico
1952-02-01,14.638,0.273,Mexico,Mexico
1952-03-01,17.215,0.42,Mexico,Mexico
1952-04-01,17.04,0.32,Mexico,Mexico
1952-05-01,17.858,0.355,Mexico,Mexico
1952-06-01,17.442,0.345,Mexico,Mexico
1952-07-01,17.381,0.347,Mexico,Mexico
1952-08-01,17.823999999999995,0.296,Mexico,Mexico
1952-09-01,16.567,0.457,Mexico,Mexico
1952-10-01,13.465,0.397,Mexico,Mexico
1952-11-01,14.796,0.307,Mexico,Mexico
1952-12-01,12.499,0.475,Mexico,Mexico
1953-01-01,12.171,0.489,Mexico,Mexico
1953-02-01,14.813,0.61,Mexico,Mexico
1953-03-01,17.16,0.3289999999999999,Mexico,Mexico
1953-04-01,18.771,0.246,Mexico,Mexico
1953-05-01,20.04,0.467,Mexico,Mexico
1953-06-01,19.247,0.43,Mexico,Mexico
1953-07-01,18.129,0.3339999999999999,Mexico,Mexico
1953-08-01,18.43,0.6779999999999999,Mexico,Mexico
1953-09-01,16.375999999999998,0.408,Mexico,Mexico
1953-10-01,15.789,0.316,Mexico,Mexico
1953-11-01,13.133,0.472,Mexico,Mexico
1953-12-01,12.413,0.28,Mexico,Mexico
1954-01-01,13.243,0.547,Mexico,Mexico
1954-02-01,14.138,0.4529999999999999,Mexico,Mexico
1954-03-01,16.963,0.32,Mexico,Mexico
1954-04-01,17.397000000000002,0.514,Mexico,Mexico
1954-05-01,18.374,0.237,Mexico,Mexico
1954-06-01,18.449,0.316,Mexico,Mexico
1954-07-01,17.092000000000002,0.26,Mexico,Mexico
1954-08-01,17.65,0.163,Mexico,Mexico
1954-09-01,16.912,0.489,Mexico,Mexico
1954-10-01,15.157,0.312,Mexico,Mexico
1954-11-01,13.486,0.42,Mexico,Mexico
1954-12-01,11.821,0.315,Mexico,Mexico
1955-01-01,12.164,0.385,Mexico,Mexico
1955-02-01,12.925999999999998,0.296,Mexico,Mexico
1955-03-01,16.410999999999998,0.336,Mexico,Mexico
1955-04-01,18.89,0.3879999999999999,Mexico,Mexico
1955-05-01,19.259,0.367,Mexico,Mexico
1955-06-01,18.945,0.445,Mexico,Mexico
1955-07-01,16.665000000000006,0.286,Mexico,Mexico
1955-08-01,17.273,0.299,Mexico,Mexico
1955-09-01,16.345,0.264,Mexico,Mexico
1955-10-01,14.277,0.379,Mexico,Mexico
1955-11-01,14.258,0.243,Mexico,Mexico
1955-12-01,11.864,0.43,Mexico,Mexico
1956-01-01,10.972,0.35,Mexico,Mexico
1956-02-01,14.421,0.196,Mexico,Mexico
1956-03-01,16.416,0.201,Mexico,Mexico
1956-04-01,18.533,0.294,Mexico,Mexico
1956-05-01,17.613,0.309,Mexico,Mexico
1956-06-01,16.845,0.22,Mexico,Mexico
1956-07-01,16.558,0.182,Mexico,Mexico
1956-08-01,17.361,0.246,Mexico,Mexico
1956-09-01,15.919,0.357,Mexico,Mexico
1956-10-01,15.19,0.442,Mexico,Mexico
1956-11-01,13.272,0.184,Mexico,Mexico
1956-12-01,12.76,0.442,Mexico,Mexico
1957-01-01,13.255999999999998,0.3829999999999999,Mexico,Mexico
1957-02-01,14.814,0.53,Mexico,Mexico
1957-03-01,15.943,0.43,Mexico,Mexico
1957-04-01,18.121,0.563,Mexico,Mexico
1957-05-01,19.018,0.28,Mexico,Mexico
1957-06-01,19.333,0.57,Mexico,Mexico
1957-07-01,18.048,0.353,Mexico,Mexico
1957-08-01,18.018,0.624,Mexico,Mexico
1957-09-01,17.456,0.455,Mexico,Mexico
1957-10-01,15.477,0.5429999999999999,Mexico,Mexico
1957-11-01,15.033,0.568,Mexico,Mexico
1957-12-01,12.244000000000002,0.361,Mexico,Mexico
1958-01-01,10.684,0.358,Mexico,Mexico
1958-02-01,13.050999999999998,0.434,Mexico,Mexico
1958-03-01,16.517,0.628,Mexico,Mexico
1958-04-01,18.924,0.659,Mexico,Mexico
1958-05-01,17.913999999999994,0.484,Mexico,Mexico
1958-06-01,18.594,0.362,Mexico,Mexico
1958-07-01,17.452,0.514,Mexico,Mexico
1958-08-01,17.951999999999995,0.286,Mexico,Mexico
1958-09-01,17.553,0.1669999999999999,Mexico,Mexico
1958-10-01,16.555999999999997,0.375,Mexico,Mexico
1958-11-01,14.959,0.3389999999999999,Mexico,Mexico
1958-12-01,12.379,0.547,Mexico,Mexico
1959-01-01,12.101,0.4589999999999999,Mexico,Mexico
1959-02-01,14.738,0.278,Mexico,Mexico
1959-03-01,16.046,0.765,Mexico,Mexico
1959-04-01,16.167,0.612,Mexico,Mexico
1959-05-01,17.959999999999994,0.327,Mexico,Mexico
1959-06-01,17.964000000000006,0.313,Mexico,Mexico
1959-07-01,17.277,0.455,Mexico,Mexico
1959-08-01,17.558,0.283,Mexico,Mexico
1959-09-01,17.284000000000002,0.3779999999999999,Mexico,Mexico
1959-10-01,16.495,0.1989999999999999,Mexico,Mexico
1959-11-01,13.512,0.3429999999999999,Mexico,Mexico
1959-12-01,12.448,0.255,Mexico,Mexico
1960-01-01,13.213,0.312,Mexico,Mexico
1960-02-01,13.017,0.315,Mexico,Mexico
1960-03-01,15.644,0.179,Mexico,Mexico
1960-04-01,17.285999999999998,0.286,Mexico,Mexico
1960-05-01,19.261,0.239,Mexico,Mexico
1960-06-01,19.37,0.356,Mexico,Mexico
1960-07-01,17.875999999999998,0.353,Mexico,Mexico
1960-08-01,18.263,0.287,Mexico,Mexico
1960-09-01,16.639,0.396,Mexico,Mexico
1960-10-01,17.112000000000002,0.285,Mexico,Mexico
1960-11-01,15.112,0.483,Mexico,Mexico
1960-12-01,12.445,0.208,Mexico,Mexico
1961-01-01,12.315,0.306,Mexico,Mexico
1961-02-01,13.422,0.238,Mexico,Mexico
1961-03-01,16.11,0.397,Mexico,Mexico
1961-04-01,18.378,0.466,Mexico,Mexico
1961-05-01,19.49,0.322,Mexico,Mexico
1961-06-01,18.134,0.456,Mexico,Mexico
1961-07-01,17.055,0.3339999999999999,Mexico,Mexico
1961-08-01,17.333,0.268,Mexico,Mexico
1961-09-01,16.916,0.185,Mexico,Mexico
1961-10-01,15.104,0.306,Mexico,Mexico
1961-11-01,14.327,0.2739999999999999,Mexico,Mexico
1961-12-01,13.235,0.3379999999999999,Mexico,Mexico
1962-01-01,12.265,0.3779999999999999,Mexico,Mexico
1962-02-01,15.451,0.474,Mexico,Mexico
1962-03-01,16.712,0.643,Mexico,Mexico
1962-04-01,16.313,0.292,Mexico,Mexico
1962-05-01,18.555,0.321,Mexico,Mexico
1962-06-01,18.763,0.606,Mexico,Mexico
1962-07-01,17.687,0.418,Mexico,Mexico
1962-08-01,18.257,0.3989999999999999,Mexico,Mexico
1962-09-01,17.442999999999998,0.304,Mexico,Mexico
1962-10-01,16.323999999999998,0.307,Mexico,Mexico
1962-11-01,13.681,0.193,Mexico,Mexico
1962-12-01,13.163,0.246,Mexico,Mexico
1963-01-01,12.988,0.367,Mexico,Mexico
1963-02-01,12.445,0.325,Mexico,Mexico
1963-03-01,16.915,0.288,Mexico,Mexico
1963-04-01,19.205,0.255,Mexico,Mexico
1963-05-01,18.359,0.3289999999999999,Mexico,Mexico
1963-06-01,18.806,0.2319999999999999,Mexico,Mexico
1963-07-01,17.189,0.4029999999999999,Mexico,Mexico
1963-08-01,17.483999999999998,0.204,Mexico,Mexico
1963-09-01,16.935,0.251,Mexico,Mexico
1963-10-01,14.888,0.422,Mexico,Mexico
1963-11-01,13.94,0.367,Mexico,Mexico
1963-12-01,11.893,0.515,Mexico,Mexico
1964-01-01,12.461,0.359,Mexico,Mexico
1964-02-01,14.586,0.597,Mexico,Mexico
1964-03-01,16.828,0.33,Mexico,Mexico
1964-04-01,19.111,0.251,Mexico,Mexico
1964-05-01,18.906,0.267,Mexico,Mexico
1964-06-01,17.674,0.552,Mexico,Mexico
1964-07-01,17.458000000000002,0.2319999999999999,Mexico,Mexico
1964-08-01,18.022,0.222,Mexico,Mexico
1964-09-01,17.551,0.2269999999999999,Mexico,Mexico
1964-10-01,14.317,0.416,Mexico,Mexico
1964-11-01,14.459,0.188,Mexico,Mexico
1964-12-01,12.443,0.387,Mexico,Mexico
1965-01-01,11.592,0.407,Mexico,Mexico
1965-02-01,13.035,0.331,Mexico,Mexico
1965-03-01,16.232,0.588,Mexico,Mexico
1965-04-01,17.914,0.2739999999999999,Mexico,Mexico
1965-05-01,19.134,0.429,Mexico,Mexico
1965-06-01,18.667,0.536,Mexico,Mexico
1965-07-01,17.358,0.326,Mexico,Mexico
1965-08-01,17.033,0.253,Mexico,Mexico
1965-09-01,17.399,0.184,Mexico,Mexico
1965-10-01,14.59,0.366,Mexico,Mexico
1965-11-01,14.662,0.441,Mexico,Mexico
1965-12-01,13.177,0.255,Mexico,Mexico
1966-01-01,11.439,0.172,Mexico,Mexico
1966-02-01,13.236,0.2689999999999999,Mexico,Mexico
1966-03-01,14.488,0.308,Mexico,Mexico
1966-04-01,17.573,0.412,Mexico,Mexico
1966-05-01,18.627,0.316,Mexico,Mexico
1966-06-01,18.316,0.28,Mexico,Mexico
1966-07-01,18.06,0.273,Mexico,Mexico
1966-08-01,17.901,0.275,Mexico,Mexico
1966-09-01,17.048,0.337,Mexico,Mexico
1966-10-01,15.355,0.181,Mexico,Mexico
1966-11-01,12.803,0.396,Mexico,Mexico
1966-12-01,11.743,0.4579999999999999,Mexico,Mexico
1967-01-01,11.368,0.3229999999999999,Mexico,Mexico
1967-02-01,13.371,0.282,Mexico,Mexico
1967-03-01,15.663,0.3339999999999999,Mexico,Mexico
1967-04-01,17.875999999999998,0.241,Mexico,Mexico
1967-05-01,18.776,0.3379999999999999,Mexico,Mexico
1967-06-01,18.617,0.348,Mexico,Mexico
1967-07-01,17.722,0.288,Mexico,Mexico
1967-08-01,17.54,0.311,Mexico,Mexico
1967-09-01,16.433,0.346,Mexico,Mexico
1967-10-01,15.042,0.362,Mexico,Mexico
1967-11-01,14.114,0.2339999999999999,Mexico,Mexico
1967-12-01,13.273,0.129,Mexico,Mexico
1968-01-01,11.912,0.375,Mexico,Mexico
1968-02-01,12.104,0.408,Mexico,Mexico
1968-03-01,14.364,0.353,Mexico,Mexico
1968-04-01,17.586,0.4539999999999999,Mexico,Mexico
1968-05-01,18.471,0.243,Mexico,Mexico
1968-06-01,18.35,0.2189999999999999,Mexico,Mexico
1968-07-01,17.118000000000002,0.273,Mexico,Mexico
1968-08-01,17.406,0.215,Mexico,Mexico
1968-09-01,17.245,0.268,Mexico,Mexico
1968-10-01,15.966,0.201,Mexico,Mexico
1968-11-01,14.318,0.272,Mexico,Mexico
1968-12-01,13.164,0.544,Mexico,Mexico
1969-01-01,12.839,0.386,Mexico,Mexico
1969-02-01,14.856,0.272,Mexico,Mexico
1969-03-01,16.097,0.728,Mexico,Mexico
1969-04-01,18.09,0.362,Mexico,Mexico
1969-05-01,18.761,0.368,Mexico,Mexico
1969-06-01,19.749,0.294,Mexico,Mexico
1969-07-01,18.138,0.3329999999999999,Mexico,Mexico
1969-08-01,17.198,0.391,Mexico,Mexico
1969-09-01,16.842,0.23,Mexico,Mexico
1969-10-01,16.331,0.154,Mexico,Mexico
1969-11-01,14.161,0.741,Mexico,Mexico
1969-12-01,12.951,0.433,Mexico,Mexico
1970-01-01,11.848999999999998,0.372,Mexico,Mexico
1970-02-01,12.956,0.484,Mexico,Mexico
1970-03-01,16.178,0.645,Mexico,Mexico
1970-04-01,19.358,0.3289999999999999,Mexico,Mexico
1970-05-01,18.165,0.3,Mexico,Mexico
1970-06-01,18.028,0.321,Mexico,Mexico
1970-07-01,17.305,0.231,Mexico,Mexico
1970-08-01,17.752,0.237,Mexico,Mexico
1970-09-01,17.058,0.33,Mexico,Mexico
1970-10-01,16.261,0.348,Mexico,Mexico
1970-11-01,12.473,0.545,Mexico,Mexico
1970-12-01,13.009,0.708,Mexico,Mexico
1971-01-01,13.319,0.1969999999999999,Mexico,Mexico
1971-02-01,13.918,0.332,Mexico,Mexico
1971-03-01,16.287,0.238,Mexico,Mexico
1971-04-01,16.62,0.432,Mexico,Mexico
1971-05-01,19.1,0.298,Mexico,Mexico
1971-06-01,17.792,0.18,Mexico,Mexico
1971-07-01,17.214000000000002,0.31,Mexico,Mexico
1971-08-01,16.839000000000002,0.309,Mexico,Mexico
1971-09-01,17.201,0.287,Mexico,Mexico
1971-10-01,16.158,0.223,Mexico,Mexico
1971-11-01,14.303,0.367,Mexico,Mexico
1971-12-01,13.468,0.344,Mexico,Mexico
1972-01-01,12.863,0.276,Mexico,Mexico
1972-02-01,13.11,0.158,Mexico,Mexico
1972-03-01,15.739,0.456,Mexico,Mexico
1972-04-01,18.715,0.474,Mexico,Mexico
1972-05-01,18.957,0.253,Mexico,Mexico
1972-06-01,18.029,0.301,Mexico,Mexico
1972-07-01,16.898,0.3389999999999999,Mexico,Mexico
1972-08-01,16.861,0.252,Mexico,Mexico
1972-09-01,17.325,0.272,Mexico,Mexico
1972-10-01,16.451,0.287,Mexico,Mexico
1972-11-01,15.746,0.263,Mexico,Mexico
1972-12-01,13.156,0.59,Mexico,Mexico
1973-01-01,12.433,0.614,Mexico,Mexico
1973-02-01,14.21,0.6859999999999999,Mexico,Mexico
1973-03-01,17.968,0.427,Mexico,Mexico
1973-04-01,18.261,0.568,Mexico,Mexico
1973-05-01,18.934,0.5,Mexico,Mexico
1973-06-01,18.338,0.231,Mexico,Mexico
1973-07-01,17.288,0.337,Mexico,Mexico
1973-08-01,16.985,0.406,Mexico,Mexico
1973-09-01,17.5,0.196,Mexico,Mexico
1973-10-01,15.797,0.314,Mexico,Mexico
1973-11-01,14.684,0.373,Mexico,Mexico
1973-12-01,11.647,0.27,Mexico,Mexico
1974-01-01,13.359000000000002,0.41,Mexico,Mexico
1974-02-01,13.640999999999998,0.6920000000000001,Mexico,Mexico
1974-03-01,16.116,0.455,Mexico,Mexico
1974-04-01,17.41,0.3939999999999999,Mexico,Mexico
1974-05-01,18.988,0.368,Mexico,Mexico
1974-06-01,17.503,0.362,Mexico,Mexico
1974-07-01,16.182000000000002,0.4039999999999999,Mexico,Mexico
1974-08-01,17.269000000000002,0.2319999999999999,Mexico,Mexico
1974-09-01,16.31,0.282,Mexico,Mexico
1974-10-01,14.542,0.14,Mexico,Mexico
1974-11-01,13.541,0.419,Mexico,Mexico
1974-12-01,13.135,0.509,Mexico,Mexico
1975-01-01,12.031,0.332,Mexico,Mexico
1975-02-01,14.356,0.3279999999999999,Mexico,Mexico
1975-03-01,17.352,0.288,Mexico,Mexico
1975-04-01,19.107,0.34,Mexico,Mexico
1975-05-01,18.825,0.238,Mexico,Mexico
1975-06-01,17.663,0.313,Mexico,Mexico
1975-07-01,16.535999999999998,0.357,Mexico,Mexico
1975-08-01,17.063,0.447,Mexico,Mexico
1975-09-01,15.738,0.3989999999999999,Mexico,Mexico
1975-10-01,15.291,0.444,Mexico,Mexico
1975-11-01,13.869000000000002,0.324,Mexico,Mexico
1975-12-01,11.952,0.387,Mexico,Mexico
1976-01-01,11.374,0.67,Mexico,Mexico
1976-02-01,12.553,0.264,Mexico,Mexico
1976-03-01,16.816,0.332,Mexico,Mexico
1976-04-01,17.247,0.412,Mexico,Mexico
1976-05-01,17.851,0.564,Mexico,Mexico
1976-06-01,17.778000000000006,0.318,Mexico,Mexico
1976-07-01,16.796,0.47,Mexico,Mexico
1976-08-01,16.544,0.265,Mexico,Mexico
1976-09-01,17.189,0.287,Mexico,Mexico
1976-10-01,15.305,0.603,Mexico,Mexico
1976-11-01,12.829,0.848,Mexico,Mexico
1976-12-01,12.71,0.951,Mexico,Mexico
1977-01-01,12.574000000000002,0.589,Mexico,Mexico
1977-02-01,13.149,0.49,Mexico,Mexico
1977-03-01,17.12,0.4,Mexico,Mexico
1977-04-01,16.038,0.417,Mexico,Mexico
1977-05-01,18.351,0.348,Mexico,Mexico
1977-06-01,17.625,0.211,Mexico,Mexico
1977-07-01,17.178,0.397,Mexico,Mexico
1977-08-01,17.91,0.3279999999999999,Mexico,Mexico
1977-09-01,17.575,0.163,Mexico,Mexico
1977-10-01,15.811,0.351,Mexico,Mexico
1977-11-01,14.117,0.261,Mexico,Mexico
1977-12-01,13.086,0.341,Mexico,Mexico
1978-01-01,12.248,0.248,Mexico,Mexico
1978-02-01,12.557,0.3979999999999999,Mexico,Mexico
1978-03-01,15.04,0.361,Mexico,Mexico
1978-04-01,18.345,0.316,Mexico,Mexico
1978-05-01,19.455,0.289,Mexico,Mexico
1978-06-01,17.783,0.355,Mexico,Mexico
1978-07-01,17.561,0.306,Mexico,Mexico
1978-08-01,17.347,0.284,Mexico,Mexico
1978-09-01,16.909000000000002,0.145,Mexico,Mexico
1978-10-01,14.935,0.213,Mexico,Mexico
1978-11-01,15.164,0.377,Mexico,Mexico
1978-12-01,13.624,0.392,Mexico,Mexico
1979-01-01,12.252,0.41,Mexico,Mexico
1979-02-01,13.68,0.217,Mexico,Mexico
1979-03-01,16.178,0.25,Mexico,Mexico
1979-04-01,18.269,0.243,Mexico,Mexico
1979-05-01,18.651,0.2769999999999999,Mexico,Mexico
1979-06-01,17.88,0.22,Mexico,Mexico
1979-07-01,18.182,0.413,Mexico,Mexico
1979-08-01,16.791999999999998,0.436,Mexico,Mexico
1979-09-01,15.711,0.284,Mexico,Mexico
1979-10-01,15.553,0.283,Mexico,Mexico
1979-11-01,13.606,0.381,Mexico,Mexico
1979-12-01,12.545,0.431,Mexico,Mexico
1980-01-01,12.51,0.22,Mexico,Mexico
1980-02-01,13.308,0.286,Mexico,Mexico
1980-03-01,17.339000000000002,0.305,Mexico,Mexico
1980-04-01,17.134999999999998,0.317,Mexico,Mexico
1980-05-01,19.567,0.4379999999999999,Mexico,Mexico
1980-06-01,18.46,0.281,Mexico,Mexico
1980-07-01,18.252,0.542,Mexico,Mexico
1980-08-01,17.989,0.669,Mexico,Mexico
1980-09-01,17.095,0.395,Mexico,Mexico
1980-10-01,15.629,0.366,Mexico,Mexico
1980-11-01,13.533,0.511,Mexico,Mexico
1980-12-01,11.917,0.139,Mexico,Mexico
1981-01-01,10.763,0.182,Mexico,Mexico
1981-02-01,13.574000000000002,0.257,Mexico,Mexico
1981-03-01,16.072,0.342,Mexico,Mexico
1981-04-01,17.49,0.3929999999999999,Mexico,Mexico
1981-05-01,18.969,0.363,Mexico,Mexico
1981-06-01,18.061,0.42,Mexico,Mexico
1981-07-01,17.288,0.481,Mexico,Mexico
1981-08-01,17.474999999999998,0.372,Mexico,Mexico
1981-09-01,16.883,0.384,Mexico,Mexico
1981-10-01,16.468,0.3,Mexico,Mexico
1981-11-01,13.4,0.427,Mexico,Mexico
1981-12-01,13.287,0.1889999999999999,Mexico,Mexico
1982-01-01,13.48,0.402,Mexico,Mexico
1982-02-01,14.334,0.271,Mexico,Mexico
1982-03-01,17.069000000000003,0.264,Mexico,Mexico
1982-04-01,18.987,0.237,Mexico,Mexico
1982-05-01,18.767,0.45,Mexico,Mexico
1982-06-01,19.08,0.5489999999999999,Mexico,Mexico
1982-07-01,17.499000000000002,0.487,Mexico,Mexico
1982-08-01,17.671,0.435,Mexico,Mexico
1982-09-01,17.166,0.415,Mexico,Mexico
1982-10-01,15.513,0.18,Mexico,Mexico
1982-11-01,14.042,0.21,Mexico,Mexico
1982-12-01,12.57,0.264,Mexico,Mexico
1983-01-01,11.669,0.096,Mexico,Mexico
1983-02-01,12.456,0.535,Mexico,Mexico
1983-03-01,15.284,0.3279999999999999,Mexico,Mexico
1983-04-01,18.11,0.327,Mexico,Mexico
1983-05-01,20.612,0.536,Mexico,Mexico
1983-06-01,19.729,0.525,Mexico,Mexico
1983-07-01,17.655,0.252,Mexico,Mexico
1983-08-01,17.566,0.268,Mexico,Mexico
1983-09-01,17.072,0.267,Mexico,Mexico
1983-10-01,15.515999999999998,0.188,Mexico,Mexico
1983-11-01,15.067,0.357,Mexico,Mexico
1983-12-01,13.191,0.406,Mexico,Mexico
1984-01-01,12.081,0.212,Mexico,Mexico
1984-02-01,13.367,0.273,Mexico,Mexico
1984-03-01,16.393,0.295,Mexico,Mexico
1984-04-01,18.952,0.291,Mexico,Mexico
1984-05-01,17.58,0.511,Mexico,Mexico
1984-06-01,17.773,0.182,Mexico,Mexico
1984-07-01,16.684,0.375,Mexico,Mexico
1984-08-01,16.665,0.253,Mexico,Mexico
1984-09-01,15.759,0.517,Mexico,Mexico
1984-10-01,16.416,0.361,Mexico,Mexico
1984-11-01,13.436,0.1669999999999999,Mexico,Mexico
1984-12-01,12.71,0.478,Mexico,Mexico
1985-01-01,11.927,0.48,Mexico,Mexico
1985-02-01,13.364,0.375,Mexico,Mexico
1985-03-01,16.234,0.365,Mexico,Mexico
1985-04-01,16.455,0.364,Mexico,Mexico
1985-05-01,18.02,0.226,Mexico,Mexico
1985-06-01,17.643,0.5489999999999999,Mexico,Mexico
1985-07-01,16.657,0.288,Mexico,Mexico
1985-08-01,17.256,0.381,Mexico,Mexico
1985-09-01,16.963,0.241,Mexico,Mexico
1985-10-01,15.787,0.16,Mexico,Mexico
1985-11-01,14.409,0.515,Mexico,Mexico
1985-12-01,12.751,0.43,Mexico,Mexico
1986-01-01,10.902,0.58,Mexico,Mexico
1986-02-01,13.937,0.773,Mexico,Mexico
1986-03-01,14.421,0.743,Mexico,Mexico
1986-04-01,17.858,0.32,Mexico,Mexico
1986-05-01,18.524,0.233,Mexico,Mexico
1986-06-01,17.789,0.294,Mexico,Mexico
1986-07-01,16.793,0.3379999999999999,Mexico,Mexico
1986-08-01,17.349999999999998,0.144,Mexico,Mexico
1986-09-01,17.339000000000002,0.186,Mexico,Mexico
1986-10-01,15.763,0.281,Mexico,Mexico
1986-11-01,14.794,0.201,Mexico,Mexico
1986-12-01,12.779000000000002,0.217,Mexico,Mexico
1987-01-01,12.291,0.317,Mexico,Mexico
1987-02-01,13.647,0.225,Mexico,Mexico
1987-03-01,15.375,0.3329999999999999,Mexico,Mexico
1987-04-01,16.204,0.423,Mexico,Mexico
1987-05-01,18.182,0.337,Mexico,Mexico
1987-06-01,18.265,0.195,Mexico,Mexico
1987-07-01,17.474,0.258,Mexico,Mexico
1987-08-01,17.779,0.1689999999999999,Mexico,Mexico
1987-09-01,18.109,0.358,Mexico,Mexico
1987-10-01,14.364,0.4039999999999999,Mexico,Mexico
1987-11-01,13.95,0.18,Mexico,Mexico
1987-12-01,13.752,0.409,Mexico,Mexico
1988-01-01,11.557,0.3979999999999999,Mexico,Mexico
1988-02-01,14.109000000000002,0.248,Mexico,Mexico
1988-03-01,15.412,0.305,Mexico,Mexico
1988-04-01,18.116,0.34,Mexico,Mexico
1988-05-01,19.189,0.257,Mexico,Mexico
1988-06-01,18.328,0.3779999999999999,Mexico,Mexico
1988-07-01,17.740000000000006,0.385,Mexico,Mexico
1988-08-01,17.788999999999994,0.148,Mexico,Mexico
1988-09-01,16.633,0.321,Mexico,Mexico
1988-10-01,15.269,0.307,Mexico,Mexico
1988-11-01,14.866,0.447,Mexico,Mexico
1988-12-01,12.765999999999998,0.336,Mexico,Mexico
1989-01-01,13.412,0.449,Mexico,Mexico
1989-02-01,13.275,0.271,Mexico,Mexico
1989-03-01,14.973,0.327,Mexico,Mexico
1989-04-01,16.4,0.2789999999999999,Mexico,Mexico
1989-05-01,18.987,0.18,Mexico,Mexico
1989-06-01,18.655,0.249,Mexico,Mexico
1989-07-01,17.682000000000006,0.347,Mexico,Mexico
1989-08-01,17.511,0.517,Mexico,Mexico
1989-09-01,16.265,0.402,Mexico,Mexico
1989-10-01,14.708,0.691,Mexico,Mexico
1989-11-01,15.214,0.201,Mexico,Mexico
1989-12-01,11.869000000000002,0.249,Mexico,Mexico
1990-01-01,13.048,0.366,Mexico,Mexico
1990-02-01,14.072,0.134,Mexico,Mexico
1990-03-01,15.691,0.4539999999999999,Mexico,Mexico
1990-04-01,17.375999999999998,0.253,Mexico,Mexico
1990-05-01,18.979,0.198,Mexico,Mexico
1990-06-01,18.418,0.228,Mexico,Mexico
1990-07-01,17.410999999999998,0.308,Mexico,Mexico
1990-08-01,17.307000000000002,0.233,Mexico,Mexico
1990-09-01,16.910999999999998,0.246,Mexico,Mexico
1990-10-01,15.58,0.214,Mexico,Mexico
1990-11-01,14.486,0.413,Mexico,Mexico
1990-12-01,12.692,0.457,Mexico,Mexico
1991-01-01,13.643999999999998,0.379,Mexico,Mexico
1991-02-01,14.341,0.376,Mexico,Mexico
1991-03-01,17.996,0.642,Mexico,Mexico
1991-04-01,19.6,0.314,Mexico,Mexico
1991-05-01,19.773,0.249,Mexico,Mexico
1991-06-01,18.523,0.314,Mexico,Mexico
1991-07-01,17.124000000000002,0.251,Mexico,Mexico
1991-08-01,17.704,0.201,Mexico,Mexico
1991-09-01,16.492,0.252,Mexico,Mexico
1991-10-01,15.361,0.149,Mexico,Mexico
1991-11-01,13.435,0.316,Mexico,Mexico
1991-12-01,12.997,0.58,Mexico,Mexico
1992-01-01,12.212,0.5870000000000001,Mexico,Mexico
1992-02-01,13.272,0.401,Mexico,Mexico
1992-03-01,16.64,0.2689999999999999,Mexico,Mexico
1992-04-01,16.498,0.432,Mexico,Mexico
1992-05-01,16.919999999999998,0.288,Mexico,Mexico
1992-06-01,18.812,0.482,Mexico,Mexico
1992-07-01,17.369,0.381,Mexico,Mexico
1992-08-01,17.25,0.21,Mexico,Mexico
1992-09-01,16.594,0.252,Mexico,Mexico
1992-10-01,15.125,0.134,Mexico,Mexico
1992-11-01,14.169,0.3989999999999999,Mexico,Mexico
1992-12-01,13.647,0.732,Mexico,Mexico
1993-01-01,13.477,0.478,Mexico,Mexico
1993-02-01,14.765999999999998,0.276,Mexico,Mexico
1993-03-01,15.841,0.515,Mexico,Mexico
1993-04-01,17.5,0.309,Mexico,Mexico
1993-05-01,18.165,0.289,Mexico,Mexico
1993-06-01,18.467,0.4429999999999999,Mexico,Mexico
1993-07-01,17.616,0.216,Mexico,Mexico
1993-08-01,17.631,0.365,Mexico,Mexico
1993-09-01,16.852,0.185,Mexico,Mexico
1993-10-01,16.073,0.425,Mexico,Mexico
1993-11-01,15.064,0.342,Mexico,Mexico
1993-12-01,13.274,0.241,Mexico,Mexico
1994-01-01,12.838,0.604,Mexico,Mexico
1994-02-01,14.887,0.372,Mexico,Mexico
1994-03-01,16.980999999999998,0.375,Mexico,Mexico
1994-04-01,17.561,0.294,Mexico,Mexico
1994-05-01,18.873,0.267,Mexico,Mexico
1994-06-01,17.982,0.281,Mexico,Mexico
1994-07-01,17.480999999999998,0.4579999999999999,Mexico,Mexico
1994-08-01,17.312,0.204,Mexico,Mexico
1994-09-01,16.441,0.346,Mexico,Mexico
1994-10-01,16.63,0.092,Mexico,Mexico
1994-11-01,15.601,0.369,Mexico,Mexico
1994-12-01,14.45,0.502,Mexico,Mexico
1995-01-01,13.639,0.609,Mexico,Mexico
1995-02-01,14.955,0.316,Mexico,Mexico
1995-03-01,16.543,0.332,Mexico,Mexico
1995-04-01,18.51,0.239,Mexico,Mexico
1995-05-01,20.5,0.635,Mexico,Mexico
1995-06-01,19.035,0.49,Mexico,Mexico
1995-07-01,17.625,0.4039999999999999,Mexico,Mexico
1995-08-01,17.774,0.204,Mexico,Mexico
1995-09-01,17.415,0.2739999999999999,Mexico,Mexico
1995-10-01,15.83,0.513,Mexico,Mexico
1995-11-01,15.054,0.205,Mexico,Mexico
1995-12-01,13.331,0.457,Mexico,Mexico
1996-01-01,12.151,0.42,Mexico,Mexico
1996-02-01,14.33,0.28,Mexico,Mexico
1996-03-01,15.398,0.256,Mexico,Mexico
1996-04-01,17.2,0.369,Mexico,Mexico
1996-05-01,19.459,0.371,Mexico,Mexico
1996-06-01,18.278,0.416,Mexico,Mexico
1996-07-01,18.041,0.297,Mexico,Mexico
1996-08-01,17.37,0.258,Mexico,Mexico
1996-09-01,17.753,0.24,Mexico,Mexico
1996-10-01,15.987,0.352,Mexico,Mexico
1996-11-01,13.785,0.235,Mexico,Mexico
1996-12-01,13.258,0.395,Mexico,Mexico
1997-01-01,12.358,0.391,Mexico,Mexico
1997-02-01,14.905,0.285,Mexico,Mexico
1997-03-01,16.405,0.44,Mexico,Mexico
1997-04-01,16.585,0.235,Mexico,Mexico
1997-05-01,17.404,0.209,Mexico,Mexico
1997-06-01,19.196,0.3,Mexico,Mexico
1997-07-01,18.086,0.391,Mexico,Mexico
1997-08-01,18.051,0.1689999999999999,Mexico,Mexico
1997-09-01,17.526,0.355,Mexico,Mexico
1997-10-01,15.898,0.294,Mexico,Mexico
1997-11-01,15.26,0.233,Mexico,Mexico
1997-12-01,13.271,0.444,Mexico,Mexico
1998-01-01,12.91,0.4029999999999999,Mexico,Mexico
1998-02-01,14.254,0.607,Mexico,Mexico
1998-03-01,16.499000000000002,0.424,Mexico,Mexico
1998-04-01,19.365,0.2689999999999999,Mexico,Mexico
1998-05-01,21.0,0.477,Mexico,Mexico
1998-06-01,20.858,0.213,Mexico,Mexico
1998-07-01,18.709,0.266,Mexico,Mexico
1998-08-01,18.229,0.1689999999999999,Mexico,Mexico
1998-09-01,17.803,0.331,Mexico,Mexico
1998-10-01,16.044,0.252,Mexico,Mexico
1998-11-01,15.937,0.295,Mexico,Mexico
1998-12-01,13.286,0.5720000000000001,Mexico,Mexico
1999-01-01,12.607,0.327,Mexico,Mexico
1999-02-01,14.661,0.551,Mexico,Mexico
1999-03-01,16.801000000000002,0.34,Mexico,Mexico
1999-04-01,19.163,0.179,Mexico,Mexico
1999-05-01,19.693,0.19,Mexico,Mexico
1999-06-01,19.282,0.419,Mexico,Mexico
1999-07-01,17.277,0.483,Mexico,Mexico
1999-08-01,17.834,0.247,Mexico,Mexico
1999-09-01,16.708,0.377,Mexico,Mexico
1999-10-01,14.454,0.282,Mexico,Mexico
1999-11-01,13.011,0.685,Mexico,Mexico
1999-12-01,11.576,0.462,Mexico,Mexico
2000-01-01,12.694,0.636,Mexico,Mexico
2000-02-01,14.677,0.7859999999999999,Mexico,Mexico
2000-03-01,17.375999999999998,0.82,Mexico,Mexico
2000-04-01,18.294,0.259,Mexico,Mexico
2000-05-01,18.562,0.23,Mexico,Mexico
2000-06-01,17.27,0.5429999999999999,Mexico,Mexico
2000-07-01,17.723000000000006,0.385,Mexico,Mexico
2000-08-01,16.967,0.349,Mexico,Mexico
2000-09-01,16.996,0.484,Mexico,Mexico
2000-10-01,15.605,0.265,Mexico,Mexico
2000-11-01,15.237,0.4579999999999999,Mexico,Mexico
2000-12-01,11.966,0.3289999999999999,Mexico,Mexico
2001-01-01,12.733,0.196,Mexico,Mexico
2001-02-01,14.461,0.416,Mexico,Mexico
2001-03-01,15.925999999999998,0.304,Mexico,Mexico
2001-04-01,18.156,0.349,Mexico,Mexico
2001-05-01,18.121,0.4539999999999999,Mexico,Mexico
2001-06-01,17.809,0.417,Mexico,Mexico
2001-07-01,17.570999999999998,0.287,Mexico,Mexico
2001-08-01,17.71,0.1669999999999999,Mexico,Mexico
2001-09-01,16.96,0.363,Mexico,Mexico
2001-10-01,15.281,0.156,Mexico,Mexico
2001-11-01,13.861,0.273,Mexico,Mexico
2001-12-01,13.157,0.209,Mexico,Mexico
2002-01-01,12.965,0.312,Mexico,Mexico
2002-02-01,13.622,0.409,Mexico,Mexico
2002-03-01,17.116,0.607,Mexico,Mexico
2002-04-01,18.396,0.441,Mexico,Mexico
2002-05-01,19.608,0.151,Mexico,Mexico
2002-06-01,18.479,0.21,Mexico,Mexico
2002-07-01,17.561,0.5,Mexico,Mexico
2002-08-01,18.084,0.362,Mexico,Mexico
2002-09-01,17.07,0.366,Mexico,Mexico
2002-10-01,17.051,0.291,Mexico,Mexico
2002-11-01,13.543,0.34,Mexico,Mexico
2002-12-01,12.945,0.291,Mexico,Mexico
2003-01-01,12.398,0.389,Mexico,Mexico
2003-02-01,15.373,0.25,Mexico,Mexico
2003-03-01,17.124000000000002,0.421,Mexico,Mexico
2003-04-01,18.917,0.462,Mexico,Mexico
2003-05-01,20.928,0.4529999999999999,Mexico,Mexico
2003-06-01,18.661,0.354,Mexico,Mexico
2003-07-01,17.766000000000005,0.291,Mexico,Mexico
2003-08-01,17.783,0.362,Mexico,Mexico
2003-09-01,17.66,0.254,Mexico,Mexico
2003-10-01,16.386,0.308,Mexico,Mexico
2003-11-01,15.194,0.217,Mexico,Mexico
2003-12-01,11.623,0.382,Mexico,Mexico
2004-01-01,12.455,0.433,Mexico,Mexico
2004-02-01,13.95,0.2739999999999999,Mexico,Mexico
2004-03-01,16.457,0.631,Mexico,Mexico
2004-04-01,17.435,0.362,Mexico,Mexico
2004-05-01,18.093,0.482,Mexico,Mexico
2004-06-01,17.727,0.402,Mexico,Mexico
2004-07-01,17.894000000000005,0.259,Mexico,Mexico
2004-08-01,18.35,0.268,Mexico,Mexico
2004-09-01,17.204,0.364,Mexico,Mexico
2004-10-01,17.205,0.267,Mexico,Mexico
2004-11-01,15.236,0.165,Mexico,Mexico
2004-12-01,12.447,0.181,Mexico,Mexico
2005-01-01,13.446,0.564,Mexico,Mexico
2005-02-01,14.558,0.259,Mexico,Mexico
2005-03-01,16.618,0.346,Mexico,Mexico
2005-04-01,18.969,0.3939999999999999,Mexico,Mexico
2005-05-01,19.156,0.325,Mexico,Mexico
2005-06-01,20.236,0.374,Mexico,Mexico
2005-07-01,18.515,0.238,Mexico,Mexico
2005-08-01,17.919999999999995,0.389,Mexico,Mexico
2005-09-01,17.688,0.236,Mexico,Mexico
2005-10-01,16.101,0.2189999999999999,Mexico,Mexico
2005-11-01,14.140999999999998,0.288,Mexico,Mexico
2005-12-01,13.084,0.3989999999999999,Mexico,Mexico
2006-01-01,12.758,0.52,Mexico,Mexico
2006-02-01,14.663,0.426,Mexico,Mexico
2006-03-01,16.894000000000002,0.452,Mexico,Mexico
2006-04-01,18.932,0.373,Mexico,Mexico
2006-05-01,18.568,0.469,Mexico,Mexico
2006-06-01,18.276,0.318,Mexico,Mexico
2006-07-01,17.669,0.233,Mexico,Mexico
2006-08-01,17.677,0.275,Mexico,Mexico
2006-09-01,17.75,0.223,Mexico,Mexico
2006-10-01,16.679000000000002,0.236,Mexico,Mexico
2006-11-01,13.979,0.1939999999999999,Mexico,Mexico
2006-12-01,12.637,0.217,Mexico,Mexico
2007-01-01,13.215,0.261,Mexico,Mexico
2007-02-01,14.458,0.359,Mexico,Mexico
2007-03-01,16.523,0.485,Mexico,Mexico
2007-04-01,17.862000000000002,0.344,Mexico,Mexico
2007-05-01,18.935,0.192,Mexico,Mexico
2007-06-01,18.953,0.275,Mexico,Mexico
2007-07-01,18.197000000000006,0.186,Mexico,Mexico
2007-08-01,17.834,0.173,Mexico,Mexico
2007-09-01,17.007,0.496,Mexico,Mexico
2007-10-01,15.226,0.415,Mexico,Mexico
2007-11-01,14.064,0.385,Mexico,Mexico
2007-12-01,14.263,0.429,Mexico,Mexico
2008-01-01,12.936,0.46,Mexico,Mexico
2008-02-01,15.246,0.509,Mexico,Mexico
2008-03-01,16.506,0.396,Mexico,Mexico
2008-04-01,18.459,0.386,Mexico,Mexico
2008-05-01,19.545,0.182,Mexico,Mexico
2008-06-01,17.92,0.391,Mexico,Mexico
2008-07-01,17.441000000000006,0.362,Mexico,Mexico
2008-08-01,18.124,0.41,Mexico,Mexico
2008-09-01,16.826999999999998,0.368,Mexico,Mexico
2008-10-01,15.216,0.421,Mexico,Mexico
2008-11-01,13.473,0.496,Mexico,Mexico
2008-12-01,12.94,0.759,Mexico,Mexico
2009-01-01,13.316,0.502,Mexico,Mexico
2009-02-01,14.621,0.58,Mexico,Mexico
2009-03-01,16.61,0.537,Mexico,Mexico
2009-04-01,18.804,0.385,Mexico,Mexico
2009-05-01,19.157,0.265,Mexico,Mexico
2009-06-01,19.12,0.376,Mexico,Mexico
2009-07-01,18.769,0.539,Mexico,Mexico
2009-08-01,18.514,0.441,Mexico,Mexico
2009-09-01,17.405,0.292,Mexico,Mexico
2009-10-01,17.067,0.179,Mexico,Mexico
2009-11-01,13.589,0.525,Mexico,Mexico
2009-12-01,12.872,0.367,Mexico,Mexico
2010-01-01,11.607,0.37,Mexico,Mexico
2010-02-01,12.39,0.5429999999999999,Mexico,Mexico
2010-03-01,16.090999999999998,0.497,Mexico,Mexico
2010-04-01,17.656,0.314,Mexico,Mexico
2010-05-01,20.14,0.261,Mexico,Mexico
2010-06-01,19.589,0.206,Mexico,Mexico
2010-07-01,17.668,0.296,Mexico,Mexico
2010-08-01,17.996,0.392,Mexico,Mexico
2010-09-01,17.083,0.485,Mexico,Mexico
2010-10-01,15.228,0.367,Mexico,Mexico
2010-11-01,13.654000000000002,0.545,Mexico,Mexico
2010-12-01,11.375,0.501,Mexico,Mexico
2011-01-01,13.116,0.319,Mexico,Mexico
2011-02-01,14.557,0.457,Mexico,Mexico
2011-03-01,16.922,0.529,Mexico,Mexico
2011-04-01,19.398,0.326,Mexico,Mexico
2011-05-01,20.561,0.485,Mexico,Mexico
2011-06-01,18.901,0.5660000000000001,Mexico,Mexico
2011-07-01,17.445999999999998,0.327,Mexico,Mexico
2011-08-01,18.308,0.315,Mexico,Mexico
2011-09-01,17.301,0.434,Mexico,Mexico
2011-10-01,15.218,0.449,Mexico,Mexico
2011-11-01,14.675,0.3779999999999999,Mexico,Mexico
2011-12-01,13.267,0.7140000000000001,Mexico,Mexico
2012-01-01,12.901,0.5529999999999999,Mexico,Mexico
2012-02-01,14.095999999999998,0.368,Mexico,Mexico
2012-03-01,16.609,0.6409999999999999,Mexico,Mexico
2012-04-01,17.96,0.4539999999999999,Mexico,Mexico
2012-05-01,19.717,0.5710000000000001,Mexico,Mexico
2012-06-01,18.923,0.211,Mexico,Mexico
2012-07-01,17.525000000000002,0.444,Mexico,Mexico
2012-08-01,17.764,0.446,Mexico,Mexico
2012-09-01,17.374000000000002,0.364,Mexico,Mexico
2012-10-01,16.844,0.452,Mexico,Mexico
2012-11-01,14.009,0.33,Mexico,Mexico
2012-12-01,13.396,0.433,Mexico,Mexico
2013-01-01,13.077,0.244,Mexico,Mexico
2013-02-01,15.979,0.452,Mexico,Mexico
2013-03-01,15.65,0.524,Mexico,Mexico
2013-04-01,19.011,0.856,Mexico,Mexico
2013-05-01,19.155,0.317,Mexico,Mexico
2013-06-01,18.924,0.252,Mexico,Mexico
2013-07-01,18.091,0.5579999999999999,Mexico,Mexico
2013-08-01,17.881999999999994,0.481,Mexico,Mexico
2013-09-01,18.313,1.231,Mexico,Mexico
